-- ============================================================
-- Hospital Management System - Sample Data for MySQL
-- 50+ records per section
-- ============================================================

-- ============================================================
-- HOSPITALS (5 hospitals)
-- ============================================================
INSERT INTO hospitals (id, name, code, address, city, state, pincode, phone, email, website, registration_number, gstin, type, total_beds, icu_beds, emergency_beds, is_active, is_deleted, created_at, created_by, version) VALUES
(1, 'City General Hospital', 'CGH001', '123 MG Road, Sector 15', 'New Delhi', 'Delhi', '110001', '+91-11-23456789', 'info@citygeneral.com', 'www.citygeneral.com', 'DL/MED/2020/001', '07AABCU1234C1Z5', 'MULTI_SPECIALTY', 500, 50, 30, true, false, NOW(), 'system', 0),
(2, 'Apollo Healthcare', 'APL002', '45 Ring Road, Sarita Vihar', 'New Delhi', 'Delhi', '110076', '+91-11-34567890', 'info@apollodelhi.com', 'www.apollo.com', 'DL/MED/2019/045', '07AABCA5678D1Z3', 'SUPER_SPECIALTY', 750, 100, 50, true, false, NOW(), 'system', 0),
(3, 'Fortis Memorial Research', 'FMR003', '89 Sohna Road', 'Gurugram', 'Haryana', '122001', '+91-124-4567890', 'info@fortis.com', 'www.fortis.com', 'HR/MED/2018/089', '06AABCF9012E1Z1', 'SUPER_SPECIALTY', 600, 80, 40, true, false, NOW(), 'system', 0),
(4, 'Max Super Specialty', 'MAX004', '67 Patparganj Road', 'New Delhi', 'Delhi', '110091', '+91-11-45678901', 'info@maxhospital.com', 'www.maxhospital.com', 'DL/MED/2017/067', '07AABCM3456F1Z9', 'SUPER_SPECIALTY', 550, 70, 35, true, false, NOW(), 'system', 0),
(5, 'Medanta The Medicity', 'MED005', 'CH Baktawar Singh Road', 'Gurugram', 'Haryana', '122001', '+91-124-5678901', 'info@medanta.org', 'www.medanta.org', 'HR/MED/2016/123', '06AABCM7890G1Z7', 'SUPER_SPECIALTY', 1200, 150, 80, true, false, NOW(), 'system', 0);

-- ============================================================
-- DEPARTMENTS (60 departments across hospitals)
-- ============================================================
INSERT INTO departments (id, hospital_id, name, code, description, floor_number, wing, head_doctor_id, phone, email, is_active, is_deleted, created_at, created_by, version) VALUES
-- City General Hospital Departments
(1, 1, 'General Medicine', 'GM', 'Internal medicine and general health care', '1', 'A', NULL, '+91-11-23456701', 'gm@citygeneral.com', true, false, NOW(), 'system', 0),
(2, 1, 'Cardiology', 'CARD', 'Heart and cardiovascular diseases', '2', 'A', NULL, '+91-11-23456702', 'cardio@citygeneral.com', true, false, NOW(), 'system', 0),
(3, 1, 'Orthopedics', 'ORTHO', 'Bone and joint disorders', '3', 'B', NULL, '+91-11-23456703', 'ortho@citygeneral.com', true, false, NOW(), 'system', 0),
(4, 1, 'Neurology', 'NEURO', 'Brain and nervous system', '4', 'A', NULL, '+91-11-23456704', 'neuro@citygeneral.com', true, false, NOW(), 'system', 0),
(5, 1, 'Pediatrics', 'PED', 'Child healthcare', '1', 'C', NULL, '+91-11-23456705', 'pedia@citygeneral.com', true, false, NOW(), 'system', 0),
(6, 1, 'Gynecology', 'GYN', 'Women health and obstetrics', '2', 'B', NULL, '+91-11-23456706', 'gyn@citygeneral.com', true, false, NOW(), 'system', 0),
(7, 1, 'Dermatology', 'DERM', 'Skin disorders and treatments', '1', 'B', NULL, '+91-11-23456707', 'derm@citygeneral.com', true, false, NOW(), 'system', 0),
(8, 1, 'ENT', 'ENT', 'Ear, Nose and Throat', '2', 'C', NULL, '+91-11-23456708', 'ent@citygeneral.com', true, false, NOW(), 'system', 0),
(9, 1, 'Ophthalmology', 'OPH', 'Eye care and surgery', '3', 'A', NULL, '+91-11-23456709', 'eye@citygeneral.com', true, false, NOW(), 'system', 0),
(10, 1, 'Psychiatry', 'PSY', 'Mental health', '4', 'B', NULL, '+91-11-23456710', 'psy@citygeneral.com', true, false, NOW(), 'system', 0),
(11, 1, 'Pulmonology', 'PULM', 'Respiratory system', '3', 'C', NULL, '+91-11-23456711', 'pulm@citygeneral.com', true, false, NOW(), 'system', 0),
(12, 1, 'Gastroenterology', 'GASTRO', 'Digestive system', '2', 'A', NULL, '+91-11-23456712', 'gastro@citygeneral.com', true, false, NOW(), 'system', 0),
-- Apollo Healthcare Departments
(13, 2, 'General Medicine', 'GM', 'Internal medicine', '1', 'A', NULL, '+91-11-34567801', 'gm@apollo.com', true, false, NOW(), 'system', 0),
(14, 2, 'Cardiology', 'CARD', 'Heart care', '2', 'A', NULL, '+91-11-34567802', 'cardio@apollo.com', true, false, NOW(), 'system', 0),
(15, 2, 'Cardiac Surgery', 'CARSURG', 'Heart surgery', '3', 'A', NULL, '+91-11-34567803', 'carsurg@apollo.com', true, false, NOW(), 'system', 0),
(16, 2, 'Neurosurgery', 'NSURG', 'Brain surgery', '4', 'A', NULL, '+91-11-34567804', 'nsurg@apollo.com', true, false, NOW(), 'system', 0),
(17, 2, 'Oncology', 'ONC', 'Cancer treatment', '5', 'B', NULL, '+91-11-34567805', 'onco@apollo.com', true, false, NOW(), 'system', 0),
(18, 2, 'Nephrology', 'NEPH', 'Kidney care', '2', 'B', NULL, '+91-11-34567806', 'neph@apollo.com', true, false, NOW(), 'system', 0),
(19, 2, 'Urology', 'URO', 'Urinary system', '3', 'B', NULL, '+91-11-34567807', 'uro@apollo.com', true, false, NOW(), 'system', 0),
(20, 2, 'Orthopedics', 'ORTHO', 'Bone care', '4', 'B', NULL, '+91-11-34567808', 'ortho@apollo.com', true, false, NOW(), 'system', 0),
(21, 2, 'Plastic Surgery', 'PLAST', 'Reconstructive surgery', '5', 'A', NULL, '+91-11-34567809', 'plast@apollo.com', true, false, NOW(), 'system', 0),
(22, 2, 'Emergency Medicine', 'EM', 'Emergency care', 'G', 'A', NULL, '+91-11-34567810', 'em@apollo.com', true, false, NOW(), 'system', 0),
(23, 2, 'Pediatrics', 'PED', 'Child care', '1', 'C', NULL, '+91-11-34567811', 'ped@apollo.com', true, false, NOW(), 'system', 0),
(24, 2, 'Neonatology', 'NEO', 'Newborn care', '1', 'C', NULL, '+91-11-34567812', 'neo@apollo.com', true, false, NOW(), 'system', 0),
-- Fortis Departments
(25, 3, 'General Medicine', 'GM', 'General health', '1', 'A', NULL, '+91-124-4567801', 'gm@fortis.com', true, false, NOW(), 'system', 0),
(26, 3, 'Cardiology', 'CARD', 'Heart', '2', 'A', NULL, '+91-124-4567802', 'card@fortis.com', true, false, NOW(), 'system', 0),
(27, 3, 'Orthopedics', 'ORTHO', 'Bones', '3', 'A', NULL, '+91-124-4567803', 'ortho@fortis.com', true, false, NOW(), 'system', 0),
(28, 3, 'Neurology', 'NEURO', 'Brain', '4', 'A', NULL, '+91-124-4567804', 'neuro@fortis.com', true, false, NOW(), 'system', 0),
(29, 3, 'Gastroenterology', 'GASTRO', 'Digestive', '2', 'B', NULL, '+91-124-4567805', 'gastro@fortis.com', true, false, NOW(), 'system', 0),
(30, 3, 'Endocrinology', 'ENDO', 'Hormones', '3', 'B', NULL, '+91-124-4567806', 'endo@fortis.com', true, false, NOW(), 'system', 0),
(31, 3, 'Rheumatology', 'RHEUM', 'Joints', '4', 'B', NULL, '+91-124-4567807', 'rheum@fortis.com', true, false, NOW(), 'system', 0),
(32, 3, 'Liver Transplant', 'LIVER', 'Liver surgery', '5', 'A', NULL, '+91-124-4567808', 'liver@fortis.com', true, false, NOW(), 'system', 0),
(33, 3, 'Kidney Transplant', 'KIDNEY', 'Kidney surgery', '5', 'B', NULL, '+91-124-4567809', 'kidney@fortis.com', true, false, NOW(), 'system', 0),
(34, 3, 'Bone Marrow Transplant', 'BMT', 'BMT', '6', 'A', NULL, '+91-124-4567810', 'bmt@fortis.com', true, false, NOW(), 'system', 0),
(35, 3, 'Gynecology', 'GYN', 'Women health', '2', 'C', NULL, '+91-124-4567811', 'gyn@fortis.com', true, false, NOW(), 'system', 0),
(36, 3, 'IVF Center', 'IVF', 'Fertility', '2', 'C', NULL, '+91-124-4567812', 'ivf@fortis.com', true, false, NOW(), 'system', 0),
-- Max Departments
(37, 4, 'General Medicine', 'GM', 'Internal medicine', '1', 'A', NULL, '+91-11-45678801', 'gm@max.com', true, false, NOW(), 'system', 0),
(38, 4, 'Cardiology', 'CARD', 'Heart', '2', 'A', NULL, '+91-11-45678802', 'card@max.com', true, false, NOW(), 'system', 0),
(39, 4, 'Orthopedics', 'ORTHO', 'Bones', '3', 'A', NULL, '+91-11-45678803', 'ortho@max.com', true, false, NOW(), 'system', 0),
(40, 4, 'Oncology', 'ONC', 'Cancer', '4', 'A', NULL, '+91-11-45678804', 'onco@max.com', true, false, NOW(), 'system', 0),
(41, 4, 'Radiation Oncology', 'RADONC', 'Radiation therapy', '4', 'B', NULL, '+91-11-45678805', 'radonc@max.com', true, false, NOW(), 'system', 0),
(42, 4, 'Medical Oncology', 'MEDONC', 'Chemotherapy', '4', 'C', NULL, '+91-11-45678806', 'medonc@max.com', true, false, NOW(), 'system', 0),
(43, 4, 'Surgical Oncology', 'SURGONC', 'Cancer surgery', '5', 'A', NULL, '+91-11-45678807', 'surgonc@max.com', true, false, NOW(), 'system', 0),
(44, 4, 'Neurology', 'NEURO', 'Brain', '3', 'B', NULL, '+91-11-45678808', 'neuro@max.com', true, false, NOW(), 'system', 0),
(45, 4, 'Spine Surgery', 'SPINE', 'Spine', '3', 'C', NULL, '+91-11-45678809', 'spine@max.com', true, false, NOW(), 'system', 0),
(46, 4, 'Joint Replacement', 'JOINT', 'Joint replacement', '3', 'A', NULL, '+91-11-45678810', 'joint@max.com', true, false, NOW(), 'system', 0),
(47, 4, 'Vascular Surgery', 'VASC', 'Blood vessels', '2', 'B', NULL, '+91-11-45678811', 'vasc@max.com', true, false, NOW(), 'system', 0),
(48, 4, 'Bariatric Surgery', 'BARI', 'Weight loss surgery', '2', 'C', NULL, '+91-11-45678812', 'bari@max.com', true, false, NOW(), 'system', 0),
-- Medanta Departments
(49, 5, 'General Medicine', 'GM', 'Internal medicine', '1', 'A', NULL, '+91-124-5678801', 'gm@medanta.org', true, false, NOW(), 'system', 0),
(50, 5, 'Cardiology', 'CARD', 'Heart', '2', 'A', NULL, '+91-124-5678802', 'card@medanta.org', true, false, NOW(), 'system', 0),
(51, 5, 'Heart Institute', 'HEART', 'Complete heart care', '3', 'A', NULL, '+91-124-5678803', 'heart@medanta.org', true, false, NOW(), 'system', 0),
(52, 5, 'Neuro Institute', 'NI', 'Neurosciences', '4', 'A', NULL, '+91-124-5678804', 'neuro@medanta.org', true, false, NOW(), 'system', 0),
(53, 5, 'Cancer Institute', 'CI', 'Oncology', '5', 'A', NULL, '+91-124-5678805', 'cancer@medanta.org', true, false, NOW(), 'system', 0),
(54, 5, 'Kidney & Urology', 'KU', 'Kidney care', '2', 'B', NULL, '+91-124-5678806', 'kidney@medanta.org', true, false, NOW(), 'system', 0),
(55, 5, 'Liver Institute', 'LI', 'Liver care', '3', 'B', NULL, '+91-124-5678807', 'liver@medanta.org', true, false, NOW(), 'system', 0),
(56, 5, 'Bone & Joint', 'BJ', 'Orthopedics', '4', 'B', NULL, '+91-124-5678808', 'bone@medanta.org', true, false, NOW(), 'system', 0),
(57, 5, 'Robotics Surgery', 'ROBOT', 'Robotic surgery', '5', 'B', NULL, '+91-124-5678809', 'robot@medanta.org', true, false, NOW(), 'system', 0),
(58, 5, 'Mother & Child', 'MC', 'Maternity', '1', 'C', NULL, '+91-124-5678810', 'mc@medanta.org', true, false, NOW(), 'system', 0),
(59, 5, 'Gastro & Liver', 'GL', 'Digestive', '2', 'C', NULL, '+91-124-5678811', 'gl@medanta.org', true, false, NOW(), 'system', 0),
(60, 5, 'Lung Care', 'LUNG', 'Pulmonology', '3', 'C', NULL, '+91-124-5678812', 'lung@medanta.org', true, false, NOW(), 'system', 0);

-- ============================================================
-- USERS (Admin, Staff, Doctors - 55 users)
-- ============================================================
INSERT INTO users (id, email, password, mobile, first_name, last_name, is_active, is_verified, is_deleted, created_at, created_by, version) VALUES
-- Admins
(1, 'admin@citygeneral.com', '$2a$10$N.7MG9Kq1FxTtqLDh2Bm8ObwBKVpNxZv4BjNjM5z7Z8T.n2YjPBXm', '9876543210', 'System', 'Admin', true, true, false, NOW(), 'system', 0),
(2, 'admin@apollo.com', '$2a$10$N.7MG9Kq1FxTtqLDh2Bm8ObwBKVpNxZv4BjNjM5z7Z8T.n2YjPBXm', '9876543211', 'Apollo', 'Admin', true, true, false, NOW(), 'system', 0),
(3, 'admin@fortis.com', '$2a$10$N.7MG9Kq1FxTtqLDh2Bm8ObwBKVpNxZv4BjNjM5z7Z8T.n2YjPBXm', '9876543212', 'Fortis', 'Admin', true, true, false, NOW(), 'system', 0),
-- Doctors (50)
(4, 'dr.rajesh.kumar@citygeneral.com', '$2a$10$N.7MG9Kq1FxTtqLDh2Bm8ObwBKVpNxZv4BjNjM5z7Z8T.n2YjPBXm', '9876543001', 'Rajesh', 'Kumar', true, true, false, NOW(), 'system', 0),
(5, 'dr.priya.sharma@citygeneral.com', '$2a$10$N.7MG9Kq1FxTtqLDh2Bm8ObwBKVpNxZv4BjNjM5z7Z8T.n2YjPBXm', '9876543002', 'Priya', 'Sharma', true, true, false, NOW(), 'system', 0),
(6, 'dr.amit.patel@citygeneral.com', '$2a$10$N.7MG9Kq1FxTtqLDh2Bm8ObwBKVpNxZv4BjNjM5z7Z8T.n2YjPBXm', '9876543003', 'Amit', 'Patel', true, true, false, NOW(), 'system', 0),
(7, 'dr.sunita.verma@citygeneral.com', '$2a$10$N.7MG9Kq1FxTtqLDh2Bm8ObwBKVpNxZv4BjNjM5z7Z8T.n2YjPBXm', '9876543004', 'Sunita', 'Verma', true, true, false, NOW(), 'system', 0),
(8, 'dr.vikram.singh@citygeneral.com', '$2a$10$N.7MG9Kq1FxTtqLDh2Bm8ObwBKVpNxZv4BjNjM5z7Z8T.n2YjPBXm', '9876543005', 'Vikram', 'Singh', true, true, false, NOW(), 'system', 0),
(9, 'dr.neha.gupta@citygeneral.com', '$2a$10$N.7MG9Kq1FxTtqLDh2Bm8ObwBKVpNxZv4BjNjM5z7Z8T.n2YjPBXm', '9876543006', 'Neha', 'Gupta', true, true, false, NOW(), 'system', 0),
(10, 'dr.arun.mehta@citygeneral.com', '$2a$10$N.7MG9Kq1FxTtqLDh2Bm8ObwBKVpNxZv4BjNjM5z7Z8T.n2YjPBXm', '9876543007', 'Arun', 'Mehta', true, true, false, NOW(), 'system', 0),
(11, 'dr.kavita.joshi@citygeneral.com', '$2a$10$N.7MG9Kq1FxTtqLDh2Bm8ObwBKVpNxZv4BjNjM5z7Z8T.n2YjPBXm', '9876543008', 'Kavita', 'Joshi', true, true, false, NOW(), 'system', 0),
(12, 'dr.rahul.khanna@apollo.com', '$2a$10$N.7MG9Kq1FxTtqLDh2Bm8ObwBKVpNxZv4BjNjM5z7Z8T.n2YjPBXm', '9876543009', 'Rahul', 'Khanna', true, true, false, NOW(), 'system', 0),
(13, 'dr.anjali.reddy@apollo.com', '$2a$10$N.7MG9Kq1FxTtqLDh2Bm8ObwBKVpNxZv4BjNjM5z7Z8T.n2YjPBXm', '9876543010', 'Anjali', 'Reddy', true, true, false, NOW(), 'system', 0),
(14, 'dr.suresh.nair@apollo.com', '$2a$10$N.7MG9Kq1FxTtqLDh2Bm8ObwBKVpNxZv4BjNjM5z7Z8T.n2YjPBXm', '9876543011', 'Suresh', 'Nair', true, true, false, NOW(), 'system', 0),
(15, 'dr.meera.iyer@apollo.com', '$2a$10$N.7MG9Kq1FxTtqLDh2Bm8ObwBKVpNxZv4BjNjM5z7Z8T.n2YjPBXm', '9876543012', 'Meera', 'Iyer', true, true, false, NOW(), 'system', 0),
(16, 'dr.prakash.rao@apollo.com', '$2a$10$N.7MG9Kq1FxTtqLDh2Bm8ObwBKVpNxZv4BjNjM5z7Z8T.n2YjPBXm', '9876543013', 'Prakash', 'Rao', true, true, false, NOW(), 'system', 0),
(17, 'dr.shalini.mishra@apollo.com', '$2a$10$N.7MG9Kq1FxTtqLDh2Bm8ObwBKVpNxZv4BjNjM5z7Z8T.n2YjPBXm', '9876543014', 'Shalini', 'Mishra', true, true, false, NOW(), 'system', 0),
(18, 'dr.deepak.saxena@apollo.com', '$2a$10$N.7MG9Kq1FxTtqLDh2Bm8ObwBKVpNxZv4BjNjM5z7Z8T.n2YjPBXm', '9876543015', 'Deepak', 'Saxena', true, true, false, NOW(), 'system', 0),
(19, 'dr.pooja.agarwal@apollo.com', '$2a$10$N.7MG9Kq1FxTtqLDh2Bm8ObwBKVpNxZv4BjNjM5z7Z8T.n2YjPBXm', '9876543016', 'Pooja', 'Agarwal', true, true, false, NOW(), 'system', 0),
(20, 'dr.manish.tiwari@fortis.com', '$2a$10$N.7MG9Kq1FxTtqLDh2Bm8ObwBKVpNxZv4BjNjM5z7Z8T.n2YjPBXm', '9876543017', 'Manish', 'Tiwari', true, true, false, NOW(), 'system', 0),
(21, 'dr.ritu.malhotra@fortis.com', '$2a$10$N.7MG9Kq1FxTtqLDh2Bm8ObwBKVpNxZv4BjNjM5z7Z8T.n2YjPBXm', '9876543018', 'Ritu', 'Malhotra', true, true, false, NOW(), 'system', 0),
(22, 'dr.sanjay.kapoor@fortis.com', '$2a$10$N.7MG9Kq1FxTtqLDh2Bm8ObwBKVpNxZv4BjNjM5z7Z8T.n2YjPBXm', '9876543019', 'Sanjay', 'Kapoor', true, true, false, NOW(), 'system', 0),
(23, 'dr.anita.bose@fortis.com', '$2a$10$N.7MG9Kq1FxTtqLDh2Bm8ObwBKVpNxZv4BjNjM5z7Z8T.n2YjPBXm', '9876543020', 'Anita', 'Bose', true, true, false, NOW(), 'system', 0),
(24, 'dr.vivek.chandra@fortis.com', '$2a$10$N.7MG9Kq1FxTtqLDh2Bm8ObwBKVpNxZv4BjNjM5z7Z8T.n2YjPBXm', '9876543021', 'Vivek', 'Chandra', true, true, false, NOW(), 'system', 0),
(25, 'dr.swati.pandey@fortis.com', '$2a$10$N.7MG9Kq1FxTtqLDh2Bm8ObwBKVpNxZv4BjNjM5z7Z8T.n2YjPBXm', '9876543022', 'Swati', 'Pandey', true, true, false, NOW(), 'system', 0),
(26, 'dr.gopal.krishnan@fortis.com', '$2a$10$N.7MG9Kq1FxTtqLDh2Bm8ObwBKVpNxZv4BjNjM5z7Z8T.n2YjPBXm', '9876543023', 'Gopal', 'Krishnan', true, true, false, NOW(), 'system', 0),
(27, 'dr.rashmi.desai@fortis.com', '$2a$10$N.7MG9Kq1FxTtqLDh2Bm8ObwBKVpNxZv4BjNjM5z7Z8T.n2YjPBXm', '9876543024', 'Rashmi', 'Desai', true, true, false, NOW(), 'system', 0),
(28, 'dr.alok.sharma@max.com', '$2a$10$N.7MG9Kq1FxTtqLDh2Bm8ObwBKVpNxZv4BjNjM5z7Z8T.n2YjPBXm', '9876543025', 'Alok', 'Sharma', true, true, false, NOW(), 'system', 0),
(29, 'dr.nidhi.singh@max.com', '$2a$10$N.7MG9Kq1FxTtqLDh2Bm8ObwBKVpNxZv4BjNjM5z7Z8T.n2YjPBXm', '9876543026', 'Nidhi', 'Singh', true, true, false, NOW(), 'system', 0),
(30, 'dr.harsh.vardhan@max.com', '$2a$10$N.7MG9Kq1FxTtqLDh2Bm8ObwBKVpNxZv4BjNjM5z7Z8T.n2YjPBXm', '9876543027', 'Harsh', 'Vardhan', true, true, false, NOW(), 'system', 0),
(31, 'dr.rekha.dubey@max.com', '$2a$10$N.7MG9Kq1FxTtqLDh2Bm8ObwBKVpNxZv4BjNjM5z7Z8T.n2YjPBXm', '9876543028', 'Rekha', 'Dubey', true, true, false, NOW(), 'system', 0),
(32, 'dr.ashish.kumar@max.com', '$2a$10$N.7MG9Kq1FxTtqLDh2Bm8ObwBKVpNxZv4BjNjM5z7Z8T.n2YjPBXm', '9876543029', 'Ashish', 'Kumar', true, true, false, NOW(), 'system', 0),
(33, 'dr.poonam.sinha@max.com', '$2a$10$N.7MG9Kq1FxTtqLDh2Bm8ObwBKVpNxZv4BjNjM5z7Z8T.n2YjPBXm', '9876543030', 'Poonam', 'Sinha', true, true, false, NOW(), 'system', 0),
(34, 'dr.rajat.bansal@max.com', '$2a$10$N.7MG9Kq1FxTtqLDh2Bm8ObwBKVpNxZv4BjNjM5z7Z8T.n2YjPBXm', '9876543031', 'Rajat', 'Bansal', true, true, false, NOW(), 'system', 0),
(35, 'dr.shikha.kapoor@max.com', '$2a$10$N.7MG9Kq1FxTtqLDh2Bm8ObwBKVpNxZv4BjNjM5z7Z8T.n2YjPBXm', '9876543032', 'Shikha', 'Kapoor', true, true, false, NOW(), 'system', 0),
(36, 'dr.naresh.trehan@medanta.org', '$2a$10$N.7MG9Kq1FxTtqLDh2Bm8ObwBKVpNxZv4BjNjM5z7Z8T.n2YjPBXm', '9876543033', 'Naresh', 'Trehan', true, true, false, NOW(), 'system', 0),
(37, 'dr.sameer.malhotra@medanta.org', '$2a$10$N.7MG9Kq1FxTtqLDh2Bm8ObwBKVpNxZv4BjNjM5z7Z8T.n2YjPBXm', '9876543034', 'Sameer', 'Malhotra', true, true, false, NOW(), 'system', 0),
(38, 'dr.neerja.gupta@medanta.org', '$2a$10$N.7MG9Kq1FxTtqLDh2Bm8ObwBKVpNxZv4BjNjM5z7Z8T.n2YjPBXm', '9876543035', 'Neerja', 'Gupta', true, true, false, NOW(), 'system', 0),
(39, 'dr.ramesh.hotchandani@medanta.org', '$2a$10$N.7MG9Kq1FxTtqLDh2Bm8ObwBKVpNxZv4BjNjM5z7Z8T.n2YjPBXm', '9876543036', 'Ramesh', 'Hotchandani', true, true, false, NOW(), 'system', 0),
(40, 'dr.mohit.bhandari@medanta.org', '$2a$10$N.7MG9Kq1FxTtqLDh2Bm8ObwBKVpNxZv4BjNjM5z7Z8T.n2YjPBXm', '9876543037', 'Mohit', 'Bhandari', true, true, false, NOW(), 'system', 0),
(41, 'dr.asha.sharma@medanta.org', '$2a$10$N.7MG9Kq1FxTtqLDh2Bm8ObwBKVpNxZv4BjNjM5z7Z8T.n2YjPBXm', '9876543038', 'Asha', 'Sharma', true, true, false, NOW(), 'system', 0),
(42, 'dr.vineet.arora@medanta.org', '$2a$10$N.7MG9Kq1FxTtqLDh2Bm8ObwBKVpNxZv4BjNjM5z7Z8T.n2YjPBXm', '9876543039', 'Vineet', 'Arora', true, true, false, NOW(), 'system', 0),
(43, 'dr.suman.lata@medanta.org', '$2a$10$N.7MG9Kq1FxTtqLDh2Bm8ObwBKVpNxZv4BjNjM5z7Z8T.n2YjPBXm', '9876543040', 'Suman', 'Lata', true, true, false, NOW(), 'system', 0),
(44, 'dr.pankaj.sahni@medanta.org', '$2a$10$N.7MG9Kq1FxTtqLDh2Bm8ObwBKVpNxZv4BjNjM5z7Z8T.n2YjPBXm', '9876543041', 'Pankaj', 'Sahni', true, true, false, NOW(), 'system', 0),
(45, 'dr.babita.rani@medanta.org', '$2a$10$N.7MG9Kq1FxTtqLDh2Bm8ObwBKVpNxZv4BjNjM5z7Z8T.n2YjPBXm', '9876543042', 'Babita', 'Rani', true, true, false, NOW(), 'system', 0),
(46, 'dr.kishore.patel@medanta.org', '$2a$10$N.7MG9Kq1FxTtqLDh2Bm8ObwBKVpNxZv4BjNjM5z7Z8T.n2YjPBXm', '9876543043', 'Kishore', 'Patel', true, true, false, NOW(), 'system', 0),
(47, 'dr.archana.jain@medanta.org', '$2a$10$N.7MG9Kq1FxTtqLDh2Bm8ObwBKVpNxZv4BjNjM5z7Z8T.n2YjPBXm', '9876543044', 'Archana', 'Jain', true, true, false, NOW(), 'system', 0),
(48, 'dr.gaurav.mittal@medanta.org', '$2a$10$N.7MG9Kq1FxTtqLDh2Bm8ObwBKVpNxZv4BjNjM5z7Z8T.n2YjPBXm', '9876543045', 'Gaurav', 'Mittal', true, true, false, NOW(), 'system', 0),
(49, 'dr.sangeeta.bhat@medanta.org', '$2a$10$N.7MG9Kq1FxTtqLDh2Bm8ObwBKVpNxZv4BjNjM5z7Z8T.n2YjPBXm', '9876543046', 'Sangeeta', 'Bhat', true, true, false, NOW(), 'system', 0),
(50, 'dr.manoj.kumar@medanta.org', '$2a$10$N.7MG9Kq1FxTtqLDh2Bm8ObwBKVpNxZv4BjNjM5z7Z8T.n2YjPBXm', '9876543047', 'Manoj', 'Kumar', true, true, false, NOW(), 'system', 0),
(51, 'dr.reena.srivastava@medanta.org', '$2a$10$N.7MG9Kq1FxTtqLDh2Bm8ObwBKVpNxZv4BjNjM5z7Z8T.n2YjPBXm', '9876543048', 'Reena', 'Srivastava', true, true, false, NOW(), 'system', 0),
(52, 'dr.yogesh.gupta@medanta.org', '$2a$10$N.7MG9Kq1FxTtqLDh2Bm8ObwBKVpNxZv4BjNjM5z7Z8T.n2YjPBXm', '9876543049', 'Yogesh', 'Gupta', true, true, false, NOW(), 'system', 0),
(53, 'dr.deepa.verma@medanta.org', '$2a$10$N.7MG9Kq1FxTtqLDh2Bm8ObwBKVpNxZv4BjNjM5z7Z8T.n2YjPBXm', '9876543050', 'Deepa', 'Verma', true, true, false, NOW(), 'system', 0);

-- User Roles
INSERT INTO user_roles (user_id, role) VALUES
(1, 'ADMIN'), (1, 'SUPER_ADMIN'),
(2, 'ADMIN'),
(3, 'ADMIN'),
(4, 'DOCTOR'), (5, 'DOCTOR'), (6, 'DOCTOR'), (7, 'DOCTOR'), (8, 'DOCTOR'),
(9, 'DOCTOR'), (10, 'DOCTOR'), (11, 'DOCTOR'), (12, 'DOCTOR'), (13, 'DOCTOR'),
(14, 'DOCTOR'), (15, 'DOCTOR'), (16, 'DOCTOR'), (17, 'DOCTOR'), (18, 'DOCTOR'),
(19, 'DOCTOR'), (20, 'DOCTOR'), (21, 'DOCTOR'), (22, 'DOCTOR'), (23, 'DOCTOR'),
(24, 'DOCTOR'), (25, 'DOCTOR'), (26, 'DOCTOR'), (27, 'DOCTOR'), (28, 'DOCTOR'),
(29, 'DOCTOR'), (30, 'DOCTOR'), (31, 'DOCTOR'), (32, 'DOCTOR'), (33, 'DOCTOR'),
(34, 'DOCTOR'), (35, 'DOCTOR'), (36, 'DOCTOR'), (37, 'DOCTOR'), (38, 'DOCTOR'),
(39, 'DOCTOR'), (40, 'DOCTOR'), (41, 'DOCTOR'), (42, 'DOCTOR'), (43, 'DOCTOR'),
(44, 'DOCTOR'), (45, 'DOCTOR'), (46, 'DOCTOR'), (47, 'DOCTOR'), (48, 'DOCTOR'),
(49, 'DOCTOR'), (50, 'DOCTOR'), (51, 'DOCTOR'), (52, 'DOCTOR'), (53, 'DOCTOR');

-- ============================================================
-- DOCTORS (50 doctors)
-- ============================================================
INSERT INTO doctors (id, user_id, employee_id, first_name, last_name, gender, date_of_birth, mobile, email, qualification, registration_number, experience_years, consultation_fee, emergency_fee, follow_up_fee, bio, profile_photo_url, is_active, is_deleted, created_at, created_by, version) VALUES
(1, 4, 'DOC001', 'Rajesh', 'Kumar', 'MALE', '1975-03-15', '9876543001', 'dr.rajesh.kumar@citygeneral.com', 'MBBS, MD (Medicine)', 'DMC/12345/2000', 25, 500.00, 1000.00, 300.00, 'Senior Consultant in General Medicine with 25 years experience', NULL, true, false, NOW(), 'system', 0),
(2, 5, 'DOC002', 'Priya', 'Sharma', 'FEMALE', '1980-07-22', '9876543002', 'dr.priya.sharma@citygeneral.com', 'MBBS, DM (Cardiology)', 'DMC/23456/2005', 20, 800.00, 1500.00, 400.00, 'Expert Cardiologist specializing in interventional cardiology', NULL, true, false, NOW(), 'system', 0),
(3, 6, 'DOC003', 'Amit', 'Patel', 'MALE', '1978-11-05', '9876543003', 'dr.amit.patel@citygeneral.com', 'MBBS, MS (Ortho)', 'GMC/34567/2003', 22, 600.00, 1200.00, 350.00, 'Orthopedic surgeon with expertise in joint replacement', NULL, true, false, NOW(), 'system', 0),
(4, 7, 'DOC004', 'Sunita', 'Verma', 'FEMALE', '1982-04-18', '9876543004', 'dr.sunita.verma@citygeneral.com', 'MBBS, DM (Neurology)', 'DMC/45678/2007', 18, 700.00, 1400.00, 400.00, 'Neurologist specializing in stroke management', NULL, true, false, NOW(), 'system', 0),
(5, 8, 'DOC005', 'Vikram', 'Singh', 'MALE', '1976-09-30', '9876543005', 'dr.vikram.singh@citygeneral.com', 'MBBS, MD (Pediatrics)', 'DMC/56789/2001', 24, 450.00, 900.00, 250.00, 'Pediatrician with expertise in neonatology', NULL, true, false, NOW(), 'system', 0),
(6, 9, 'DOC006', 'Neha', 'Gupta', 'FEMALE', '1985-12-12', '9876543006', 'dr.neha.gupta@citygeneral.com', 'MBBS, MS (OBG)', 'DMC/67890/2010', 15, 550.00, 1100.00, 300.00, 'Gynecologist and Obstetrician', NULL, true, false, NOW(), 'system', 0),
(7, 10, 'DOC007', 'Arun', 'Mehta', 'MALE', '1979-06-25', '9876543007', 'dr.arun.mehta@citygeneral.com', 'MBBS, MD (Derma)', 'DMC/78901/2004', 21, 400.00, 800.00, 200.00, 'Dermatologist with expertise in cosmetic procedures', NULL, true, false, NOW(), 'system', 0),
(8, 11, 'DOC008', 'Kavita', 'Joshi', 'FEMALE', '1983-02-08', '9876543008', 'dr.kavita.joshi@citygeneral.com', 'MBBS, MS (ENT)', 'DMC/89012/2008', 17, 450.00, 900.00, 250.00, 'ENT surgeon with expertise in cochlear implants', NULL, true, false, NOW(), 'system', 0),
(9, 12, 'DOC009', 'Rahul', 'Khanna', 'MALE', '1977-08-14', '9876543009', 'dr.rahul.khanna@apollo.com', 'MBBS, DM (Cardiology), FACC', 'DMC/90123/2002', 23, 1200.00, 2500.00, 600.00, 'Interventional Cardiologist', NULL, true, false, NOW(), 'system', 0),
(10, 13, 'DOC010', 'Anjali', 'Reddy', 'FEMALE', '1981-01-20', '9876543010', 'dr.anjali.reddy@apollo.com', 'MBBS, MCh (CTVS)', 'APMC/01234/2006', 19, 1500.00, 3000.00, 750.00, 'Cardiac Surgeon', NULL, true, false, NOW(), 'system', 0),
(11, 14, 'DOC011', 'Suresh', 'Nair', 'MALE', '1974-05-28', '9876543011', 'dr.suresh.nair@apollo.com', 'MBBS, MCh (Neuro)', 'KMC/12345/1999', 26, 1400.00, 2800.00, 700.00, 'Neurosurgeon with expertise in brain tumors', NULL, true, false, NOW(), 'system', 0),
(12, 15, 'DOC012', 'Meera', 'Iyer', 'FEMALE', '1984-10-03', '9876543012', 'dr.meera.iyer@apollo.com', 'MBBS, DM (Oncology)', 'TNMC/23456/2009', 16, 1000.00, 2000.00, 500.00, 'Medical Oncologist', NULL, true, false, NOW(), 'system', 0),
(13, 16, 'DOC013', 'Prakash', 'Rao', 'MALE', '1973-12-17', '9876543013', 'dr.prakash.rao@apollo.com', 'MBBS, DM (Nephrology)', 'KMC/34567/1998', 27, 900.00, 1800.00, 450.00, 'Nephrologist specializing in kidney transplants', NULL, true, false, NOW(), 'system', 0),
(14, 17, 'DOC014', 'Shalini', 'Mishra', 'FEMALE', '1986-03-22', '9876543014', 'dr.shalini.mishra@apollo.com', 'MBBS, MCh (Urology)', 'UPMC/45678/2011', 14, 850.00, 1700.00, 425.00, 'Urologist with expertise in robotic surgery', NULL, true, false, NOW(), 'system', 0),
(15, 18, 'DOC015', 'Deepak', 'Saxena', 'MALE', '1980-07-09', '9876543015', 'dr.deepak.saxena@apollo.com', 'MBBS, MS (Ortho), DNB', 'DMC/56789/2005', 20, 750.00, 1500.00, 375.00, 'Joint replacement specialist', NULL, true, false, NOW(), 'system', 0),
(16, 19, 'DOC016', 'Pooja', 'Agarwal', 'FEMALE', '1987-11-30', '9876543016', 'dr.pooja.agarwal@apollo.com', 'MBBS, MCh (Plastic)', 'DMC/67890/2012', 13, 1100.00, 2200.00, 550.00, 'Plastic and Reconstructive Surgeon', NULL, true, false, NOW(), 'system', 0),
(17, 20, 'DOC017', 'Manish', 'Tiwari', 'MALE', '1979-04-05', '9876543017', 'dr.manish.tiwari@fortis.com', 'MBBS, MD (Medicine), DM (Gastro)', 'HMC/78901/2004', 21, 900.00, 1800.00, 450.00, 'Gastroenterologist', NULL, true, false, NOW(), 'system', 0),
(18, 21, 'DOC018', 'Ritu', 'Malhotra', 'FEMALE', '1982-08-16', '9876543018', 'dr.ritu.malhotra@fortis.com', 'MBBS, DM (Endocrinology)', 'HMC/89012/2007', 18, 750.00, 1500.00, 375.00, 'Endocrinologist', NULL, true, false, NOW(), 'system', 0),
(19, 22, 'DOC019', 'Sanjay', 'Kapoor', 'MALE', '1975-01-23', '9876543019', 'dr.sanjay.kapoor@fortis.com', 'MBBS, DM (Rheumatology)', 'DMC/90123/2000', 25, 700.00, 1400.00, 350.00, 'Rheumatologist', NULL, true, false, NOW(), 'system', 0),
(20, 23, 'DOC020', 'Anita', 'Bose', 'FEMALE', '1978-06-07', '9876543020', 'dr.anita.bose@fortis.com', 'MBBS, MS, MCh (GI Surgery)', 'WMC/01234/2003', 22, 1200.00, 2400.00, 600.00, 'Liver Transplant Surgeon', NULL, true, false, NOW(), 'system', 0),
(21, 24, 'DOC021', 'Vivek', 'Chandra', 'MALE', '1981-09-12', '9876543021', 'dr.vivek.chandra@fortis.com', 'MBBS, MCh (Urology)', 'HMC/12345/2006', 19, 1100.00, 2200.00, 550.00, 'Kidney Transplant Surgeon', NULL, true, false, NOW(), 'system', 0),
(22, 25, 'DOC022', 'Swati', 'Pandey', 'FEMALE', '1984-02-28', '9876543022', 'dr.swati.pandey@fortis.com', 'MBBS, DM (Hematology)', 'UPMC/23456/2009', 16, 950.00, 1900.00, 475.00, 'Hematologist and BMT specialist', NULL, true, false, NOW(), 'system', 0),
(23, 26, 'DOC023', 'Gopal', 'Krishnan', 'MALE', '1976-12-01', '9876543023', 'dr.gopal.krishnan@fortis.com', 'MBBS, MS (OBG), DNB', 'KMC/34567/2001', 24, 650.00, 1300.00, 325.00, 'Gynecologist and Infertility Specialist', NULL, true, false, NOW(), 'system', 0),
(24, 27, 'DOC024', 'Rashmi', 'Desai', 'FEMALE', '1983-05-15', '9876543024', 'dr.rashmi.desai@fortis.com', 'MBBS, MS (OBG), DNB (Repro Med)', 'GMC/45678/2008', 17, 800.00, 1600.00, 400.00, 'IVF Specialist', NULL, true, false, NOW(), 'system', 0),
(25, 28, 'DOC025', 'Alok', 'Sharma', 'MALE', '1977-10-20', '9876543025', 'dr.alok.sharma@max.com', 'MBBS, MD (Medicine)', 'DMC/56789/2002', 23, 600.00, 1200.00, 300.00, 'Internal Medicine Specialist', NULL, true, false, NOW(), 'system', 0),
(26, 29, 'DOC026', 'Nidhi', 'Singh', 'FEMALE', '1985-03-08', '9876543026', 'dr.nidhi.singh@max.com', 'MBBS, DM (Cardiology)', 'DMC/67890/2010', 15, 950.00, 1900.00, 475.00, 'Cardiologist', NULL, true, false, NOW(), 'system', 0),
(27, 30, 'DOC027', 'Harsh', 'Vardhan', 'MALE', '1974-07-25', '9876543027', 'dr.harsh.vardhan@max.com', 'MBBS, MS (Ortho), MCh', 'DMC/78901/1999', 26, 850.00, 1700.00, 425.00, 'Spine Surgeon', NULL, true, false, NOW(), 'system', 0),
(28, 31, 'DOC028', 'Rekha', 'Dubey', 'FEMALE', '1980-11-11', '9876543028', 'dr.rekha.dubey@max.com', 'MBBS, DM (Med Oncology)', 'MPMC/89012/2005', 20, 1000.00, 2000.00, 500.00, 'Medical Oncologist', NULL, true, false, NOW(), 'system', 0),
(29, 32, 'DOC029', 'Ashish', 'Kumar', 'MALE', '1979-04-02', '9876543029', 'dr.ashish.kumar@max.com', 'MBBS, MD (Radiation Onco)', 'DMC/90123/2004', 21, 950.00, 1900.00, 475.00, 'Radiation Oncologist', NULL, true, false, NOW(), 'system', 0),
(30, 33, 'DOC030', 'Poonam', 'Sinha', 'FEMALE', '1982-08-19', '9876543030', 'dr.poonam.sinha@max.com', 'MBBS, MCh (Surgical Onco)', 'DMC/01234/2007', 18, 1100.00, 2200.00, 550.00, 'Surgical Oncologist', NULL, true, false, NOW(), 'system', 0),
(31, 34, 'DOC031', 'Rajat', 'Bansal', 'MALE', '1978-01-14', '9876543031', 'dr.rajat.bansal@max.com', 'MBBS, DM (Neurology)', 'HMC/12345/2003', 22, 800.00, 1600.00, 400.00, 'Neurologist', NULL, true, false, NOW(), 'system', 0),
(32, 35, 'DOC032', 'Shikha', 'Kapoor', 'FEMALE', '1986-06-30', '9876543032', 'dr.shikha.kapoor@max.com', 'MBBS, MS (Ortho), Fellowship Joint', 'DMC/23456/2011', 14, 750.00, 1500.00, 375.00, 'Joint Replacement Surgeon', NULL, true, false, NOW(), 'system', 0),
(33, 36, 'DOC033', 'Naresh', 'Trehan', 'MALE', '1965-08-12', '9876543033', 'dr.naresh.trehan@medanta.org', 'MBBS, MS, FRCS, FACC', 'DMC/34567/1990', 35, 2500.00, 5000.00, 1250.00, 'Chairman and Managing Director, World renowned Cardiac Surgeon', NULL, true, false, NOW(), 'system', 0),
(34, 37, 'DOC034', 'Sameer', 'Malhotra', 'MALE', '1972-11-05', '9876543034', 'dr.sameer.malhotra@medanta.org', 'MBBS, MD, DM (Cardiology)', 'DMC/45678/1997', 28, 1500.00, 3000.00, 750.00, 'Director, Cardiology', NULL, true, false, NOW(), 'system', 0),
(35, 38, 'DOC035', 'Neerja', 'Gupta', 'FEMALE', '1978-03-22', '9876543035', 'dr.neerja.gupta@medanta.org', 'MBBS, MCh (Neuro)', 'HMC/56789/2003', 22, 1400.00, 2800.00, 700.00, 'Senior Consultant, Neurosurgery', NULL, true, false, NOW(), 'system', 0),
(36, 39, 'DOC036', 'Ramesh', 'Hotchandani', 'MALE', '1968-09-18', '9876543036', 'dr.ramesh.hotchandani@medanta.org', 'MBBS, MD, DM (Nephro)', 'DMC/67890/1993', 32, 1200.00, 2400.00, 600.00, 'Chairman, Nephrology', NULL, true, false, NOW(), 'system', 0),
(37, 40, 'DOC037', 'Mohit', 'Bhandari', 'MALE', '1975-05-07', '9876543037', 'dr.mohit.bhandari@medanta.org', 'MBBS, MS (Ortho), PhD', 'DMC/78901/2000', 25, 1000.00, 2000.00, 500.00, 'Director, Orthopedics and Joint Replacement', NULL, true, false, NOW(), 'system', 0),
(38, 41, 'DOC038', 'Asha', 'Sharma', 'FEMALE', '1980-12-25', '9876543038', 'dr.asha.sharma@medanta.org', 'MBBS, DM (Oncology)', 'HMC/89012/2005', 20, 1100.00, 2200.00, 550.00, 'Senior Consultant, Medical Oncology', NULL, true, false, NOW(), 'system', 0),
(39, 42, 'DOC039', 'Vineet', 'Arora', 'MALE', '1977-02-14', '9876543039', 'dr.vineet.arora@medanta.org', 'MBBS, MS, MCh (GI Surgery)', 'DMC/90123/2002', 23, 1300.00, 2600.00, 650.00, 'Director, Liver Transplant', NULL, true, false, NOW(), 'system', 0),
(40, 43, 'DOC040', 'Suman', 'Lata', 'FEMALE', '1983-07-09', '9876543040', 'dr.suman.lata@medanta.org', 'MBBS, MD (Pulmonology)', 'DMC/01234/2008', 17, 800.00, 1600.00, 400.00, 'Senior Consultant, Pulmonology', NULL, true, false, NOW(), 'system', 0),
(41, 44, 'DOC041', 'Pankaj', 'Sahni', 'MALE', '1971-10-30', '9876543041', 'dr.pankaj.sahni@medanta.org', 'MBBS, MS, MCh (GI Surgery)', 'AIIMS/12345/1996', 29, 1500.00, 3000.00, 750.00, 'Director, GI and HPB Surgery', NULL, true, false, NOW(), 'system', 0),
(42, 45, 'DOC042', 'Babita', 'Rani', 'FEMALE', '1984-04-16', '9876543042', 'dr.babita.rani@medanta.org', 'MBBS, MD (OBG), DNB', 'HMC/23456/2009', 16, 700.00, 1400.00, 350.00, 'Senior Consultant, Obstetrics', NULL, true, false, NOW(), 'system', 0),
(43, 46, 'DOC043', 'Kishore', 'Patel', 'MALE', '1976-06-22', '9876543043', 'dr.kishore.patel@medanta.org', 'MBBS, MS (Gen Surgery)', 'GMC/34567/2001', 24, 900.00, 1800.00, 450.00, 'Senior Consultant, Robotic Surgery', NULL, true, false, NOW(), 'system', 0),
(44, 47, 'DOC044', 'Archana', 'Jain', 'FEMALE', '1981-09-05', '9876543044', 'dr.archana.jain@medanta.org', 'MBBS, DM (Gastro)', 'MPMC/45678/2006', 19, 850.00, 1700.00, 425.00, 'Senior Consultant, Gastroenterology', NULL, true, false, NOW(), 'system', 0),
(45, 48, 'DOC045', 'Gaurav', 'Mittal', 'MALE', '1979-01-28', '9876543045', 'dr.gaurav.mittal@medanta.org', 'MBBS, DM (Cardiology)', 'DMC/56789/2004', 21, 1000.00, 2000.00, 500.00, 'Senior Consultant, Interventional Cardiology', NULL, true, false, NOW(), 'system', 0),
(46, 49, 'DOC046', 'Sangeeta', 'Bhat', 'FEMALE', '1982-11-17', '9876543046', 'dr.sangeeta.bhat@medanta.org', 'MBBS, MD (Psychiatry)', 'KMC/67890/2007', 18, 600.00, 1200.00, 300.00, 'Senior Consultant, Psychiatry', NULL, true, false, NOW(), 'system', 0),
(47, 50, 'DOC047', 'Manoj', 'Kumar', 'MALE', '1974-08-03', '9876543047', 'dr.manoj.kumar@medanta.org', 'MBBS, MCh (Urology)', 'AIIMS/78901/1999', 26, 1100.00, 2200.00, 550.00, 'Director, Urology', NULL, true, false, NOW(), 'system', 0),
(48, 51, 'DOC048', 'Reena', 'Srivastava', 'FEMALE', '1985-02-20', '9876543048', 'dr.reena.srivastava@medanta.org', 'MBBS, MD (Ophthalmology)', 'UPMC/89012/2010', 15, 550.00, 1100.00, 275.00, 'Senior Consultant, Ophthalmology', NULL, true, false, NOW(), 'system', 0),
(49, 52, 'DOC049', 'Yogesh', 'Gupta', 'MALE', '1977-05-12', '9876543049', 'dr.yogesh.gupta@medanta.org', 'MBBS, MD (Radiology)', 'DMC/90123/2002', 23, 500.00, 1000.00, 250.00, 'Director, Radiology', NULL, true, false, NOW(), 'system', 0),
(50, 53, 'DOC050', 'Deepa', 'Verma', 'FEMALE', '1980-10-08', '9876543050', 'dr.deepa.verma@medanta.org', 'MBBS, MD (Pathology)', 'HMC/01234/2005', 20, 450.00, 900.00, 225.00, 'Director, Pathology', NULL, true, false, NOW(), 'system', 0);

-- Doctor Specializations
INSERT INTO doctor_specializations (doctor_id, specialization) VALUES
(1, 'GENERAL_MEDICINE'), (2, 'CARDIOLOGY'), (3, 'ORTHOPEDICS'), (4, 'NEUROLOGY'),
(5, 'PEDIATRICS'), (6, 'GYNECOLOGY'), (7, 'DERMATOLOGY'), (8, 'ENT'),
(9, 'CARDIOLOGY'), (10, 'CARDIOLOGY'), (11, 'NEUROLOGY'), (12, 'ONCOLOGY'),
(13, 'NEPHROLOGY'), (14, 'UROLOGY'), (15, 'ORTHOPEDICS'), (16, 'PLASTIC_SURGERY'),
(17, 'GASTROENTEROLOGY'), (18, 'ENDOCRINOLOGY'), (19, 'RHEUMATOLOGY'), (20, 'GASTROENTEROLOGY'),
(21, 'UROLOGY'), (22, 'ONCOLOGY'), (23, 'GYNECOLOGY'), (24, 'GYNECOLOGY'),
(25, 'GENERAL_MEDICINE'), (26, 'CARDIOLOGY'), (27, 'ORTHOPEDICS'), (28, 'ONCOLOGY'),
(29, 'ONCOLOGY'), (30, 'ONCOLOGY'), (31, 'NEUROLOGY'), (32, 'ORTHOPEDICS'),
(33, 'CARDIOLOGY'), (34, 'CARDIOLOGY'), (35, 'NEUROLOGY'), (36, 'NEPHROLOGY'),
(37, 'ORTHOPEDICS'), (38, 'ONCOLOGY'), (39, 'GASTROENTEROLOGY'), (40, 'PULMONOLOGY'),
(41, 'GASTROENTEROLOGY'), (42, 'GYNECOLOGY'), (43, 'GENERAL_SURGERY'), (44, 'GASTROENTEROLOGY'),
(45, 'CARDIOLOGY'), (46, 'PSYCHIATRY'), (47, 'UROLOGY'), (48, 'OPHTHALMOLOGY'),
(49, 'RADIOLOGY'), (50, 'PATHOLOGY');

-- Doctor Hospital Associations
INSERT INTO doctor_hospitals (doctor_id, hospital_id) VALUES
(1, 1), (2, 1), (3, 1), (4, 1), (5, 1), (6, 1), (7, 1), (8, 1),
(9, 2), (10, 2), (11, 2), (12, 2), (13, 2), (14, 2), (15, 2), (16, 2),
(17, 3), (18, 3), (19, 3), (20, 3), (21, 3), (22, 3), (23, 3), (24, 3),
(25, 4), (26, 4), (27, 4), (28, 4), (29, 4), (30, 4), (31, 4), (32, 4),
(33, 5), (34, 5), (35, 5), (36, 5), (37, 5), (38, 5), (39, 5), (40, 5),
(41, 5), (42, 5), (43, 5), (44, 5), (45, 5), (46, 5), (47, 5), (48, 5),
(49, 5), (50, 5);

-- ============================================================
-- PATIENTS (60 patients)
-- ============================================================
INSERT INTO patients (id, uhid, hospital_id, first_name, last_name, gender, date_of_birth, blood_group, mobile, email, address, city, state, pincode, emergency_contact_name, emergency_contact_mobile, emergency_contact_relation, aadhar_number, is_active, is_deleted, created_at, created_by, version) VALUES
(1, 'CGH2026000001', 1, 'Ramesh', 'Sharma', 'MALE', '1985-05-15', 'B_POSITIVE', '9898765001', 'ramesh.sharma@email.com', '45 Lajpat Nagar', 'New Delhi', 'Delhi', '110024', 'Sita Sharma', '9898765002', 'SPOUSE', NULL, true, false, NOW(), 'system', 0),
(2, 'CGH2026000002', 1, 'Sunita', 'Devi', 'FEMALE', '1990-08-22', 'O_POSITIVE', '9898765003', 'sunita.devi@email.com', '78 Saket', 'New Delhi', 'Delhi', '110017', 'Ravi Kumar', '9898765004', 'SPOUSE', NULL, true, false, NOW(), 'system', 0),
(3, 'CGH2026000003', 1, 'Ajay', 'Kumar', 'MALE', '1978-12-10', 'A_POSITIVE', '9898765005', 'ajay.kumar@email.com', '23 Rohini', 'New Delhi', 'Delhi', '110085', 'Anita Kumar', '9898765006', 'SPOUSE', NULL, true, false, NOW(), 'system', 0),
(4, 'CGH2026000004', 1, 'Meena', 'Kumari', 'FEMALE', '1995-03-28', 'AB_POSITIVE', '9898765007', 'meena.kumari@email.com', '56 Dwarka', 'New Delhi', 'Delhi', '110075', 'Suresh Kumar', '9898765008', 'FATHER', NULL, true, false, NOW(), 'system', 0),
(5, 'CGH2026000005', 1, 'Sanjay', 'Verma', 'MALE', '1982-07-04', 'B_NEGATIVE', '9898765009', 'sanjay.verma@email.com', '89 Janakpuri', 'New Delhi', 'Delhi', '110058', 'Kavita Verma', '9898765010', 'SPOUSE', NULL, true, false, NOW(), 'system', 0),
(6, 'CGH2026000006', 1, 'Rekha', 'Singh', 'FEMALE', '1988-11-16', 'O_NEGATIVE', '9898765011', 'rekha.singh@email.com', '12 Vasant Kunj', 'New Delhi', 'Delhi', '110070', 'Vijay Singh', '9898765012', 'SPOUSE', NULL, true, false, NOW(), 'system', 0),
(7, 'CGH2026000007', 1, 'Vikrant', 'Patel', 'MALE', '1975-02-20', 'A_NEGATIVE', '9898765013', 'vikrant.patel@email.com', '34 Pitampura', 'New Delhi', 'Delhi', '110034', 'Meera Patel', '9898765014', 'SPOUSE', NULL, true, false, NOW(), 'system', 0),
(8, 'CGH2026000008', 1, 'Anjali', 'Gupta', 'FEMALE', '1992-06-08', 'AB_NEGATIVE', '9898765015', 'anjali.gupta@email.com', '67 Karol Bagh', 'New Delhi', 'Delhi', '110005', 'Rakesh Gupta', '9898765016', 'FATHER', NULL, true, false, NOW(), 'system', 0),
(9, 'CGH2026000009', 1, 'Rohit', 'Agarwal', 'MALE', '1980-09-25', 'B_POSITIVE', '9898765017', 'rohit.agarwal@email.com', '90 Connaught Place', 'New Delhi', 'Delhi', '110001', 'Priya Agarwal', '9898765018', 'SPOUSE', NULL, true, false, NOW(), 'system', 0),
(10, 'CGH2026000010', 1, 'Priyanka', 'Joshi', 'FEMALE', '1998-01-12', 'O_POSITIVE', '9898765019', 'priyanka.joshi@email.com', '45 Mayur Vihar', 'New Delhi', 'Delhi', '110091', 'Mahesh Joshi', '9898765020', 'FATHER', NULL, true, false, NOW(), 'system', 0),
(11, 'APL2026000001', 2, 'Karan', 'Malhotra', 'MALE', '1983-04-18', 'A_POSITIVE', '9898765021', 'karan.malhotra@email.com', '123 Defence Colony', 'New Delhi', 'Delhi', '110024', 'Neha Malhotra', '9898765022', 'SPOUSE', NULL, true, false, NOW(), 'system', 0),
(12, 'APL2026000002', 2, 'Simran', 'Kapoor', 'FEMALE', '1991-07-30', 'B_POSITIVE', '9898765023', 'simran.kapoor@email.com', '456 Greater Kailash', 'New Delhi', 'Delhi', '110048', 'Rajesh Kapoor', '9898765024', 'FATHER', NULL, true, false, NOW(), 'system', 0),
(13, 'APL2026000003', 2, 'Aditya', 'Mehta', 'MALE', '1976-10-05', 'O_POSITIVE', '9898765025', 'aditya.mehta@email.com', '789 Hauz Khas', 'New Delhi', 'Delhi', '110016', 'Sunita Mehta', '9898765026', 'SPOUSE', NULL, true, false, NOW(), 'system', 0),
(14, 'APL2026000004', 2, 'Divya', 'Sharma', 'FEMALE', '1987-12-22', 'AB_POSITIVE', '9898765027', 'divya.sharma@email.com', '321 Safdarjung', 'New Delhi', 'Delhi', '110029', 'Amit Sharma', '9898765028', 'SPOUSE', NULL, true, false, NOW(), 'system', 0),
(15, 'APL2026000005', 2, 'Nikhil', 'Reddy', 'MALE', '1994-03-15', 'A_POSITIVE', '9898765029', 'nikhil.reddy@email.com', '654 Nehru Place', 'New Delhi', 'Delhi', '110019', 'Lakshmi Reddy', '9898765030', 'MOTHER', NULL, true, false, NOW(), 'system', 0),
(16, 'APL2026000006', 2, 'Pooja', 'Iyer', 'FEMALE', '1989-08-08', 'B_NEGATIVE', '9898765031', 'pooja.iyer@email.com', '987 Chanakyapuri', 'New Delhi', 'Delhi', '110021', 'Venkat Iyer', '9898765032', 'SPOUSE', NULL, true, false, NOW(), 'system', 0),
(17, 'APL2026000007', 2, 'Arjun', 'Nair', 'MALE', '1981-05-28', 'O_NEGATIVE', '9898765033', 'arjun.nair@email.com', '147 Lodhi Road', 'New Delhi', 'Delhi', '110003', 'Lakshmi Nair', '9898765034', 'SPOUSE', NULL, true, false, NOW(), 'system', 0),
(18, 'APL2026000008', 2, 'Shreya', 'Rao', 'FEMALE', '1996-11-11', 'A_NEGATIVE', '9898765035', 'shreya.rao@email.com', '258 South Extension', 'New Delhi', 'Delhi', '110049', 'Krishna Rao', '9898765036', 'FATHER', NULL, true, false, NOW(), 'system', 0),
(19, 'APL2026000009', 2, 'Varun', 'Khanna', 'MALE', '1979-02-14', 'AB_NEGATIVE', '9898765037', 'varun.khanna@email.com', '369 Preet Vihar', 'New Delhi', 'Delhi', '110092', 'Rina Khanna', '9898765038', 'SPOUSE', NULL, true, false, NOW(), 'system', 0),
(20, 'APL2026000010', 2, 'Anushka', 'Mishra', 'FEMALE', '1993-06-25', 'B_POSITIVE', '9898765039', 'anushka.mishra@email.com', '741 Laxmi Nagar', 'New Delhi', 'Delhi', '110092', 'Prakash Mishra', '9898765040', 'FATHER', NULL, true, false, NOW(), 'system', 0),
(21, 'FMR2026000001', 3, 'Gaurav', 'Tiwari', 'MALE', '1984-09-03', 'O_POSITIVE', '9898765041', 'gaurav.tiwari@email.com', '852 DLF Phase 1', 'Gurugram', 'Haryana', '122002', 'Swati Tiwari', '9898765042', 'SPOUSE', NULL, true, false, NOW(), 'system', 0),
(22, 'FMR2026000002', 3, 'Neetu', 'Pandey', 'FEMALE', '1986-12-17', 'A_POSITIVE', '9898765043', 'neetu.pandey@email.com', '963 Sector 45', 'Gurugram', 'Haryana', '122003', 'Vivek Pandey', '9898765044', 'SPOUSE', NULL, true, false, NOW(), 'system', 0),
(23, 'FMR2026000003', 3, 'Manish', 'Chaudhary', 'MALE', '1977-04-22', 'B_POSITIVE', '9898765045', 'manish.chaudhary@email.com', '159 Sector 14', 'Gurugram', 'Haryana', '122001', 'Rani Chaudhary', '9898765046', 'SPOUSE', NULL, true, false, NOW(), 'system', 0),
(24, 'FMR2026000004', 3, 'Ritu', 'Saxena', 'FEMALE', '1990-07-09', 'AB_POSITIVE', '9898765047', 'ritu.saxena@email.com', '357 Sushant Lok', 'Gurugram', 'Haryana', '122009', 'Amit Saxena', '9898765048', 'SPOUSE', NULL, true, false, NOW(), 'system', 0),
(25, 'FMR2026000005', 3, 'Deepak', 'Yadav', 'MALE', '1982-10-30', 'O_NEGATIVE', '9898765049', 'deepak.yadav@email.com', '486 Golf Course Road', 'Gurugram', 'Haryana', '122002', 'Sunita Yadav', '9898765050', 'SPOUSE', NULL, true, false, NOW(), 'system', 0),
(26, 'FMR2026000006', 3, 'Kavya', 'Deshmukh', 'FEMALE', '1995-01-25', 'A_NEGATIVE', '9898765051', 'kavya.deshmukh@email.com', '753 Cyber City', 'Gurugram', 'Haryana', '122002', 'Ramesh Deshmukh', '9898765052', 'FATHER', NULL, true, false, NOW(), 'system', 0),
(27, 'FMR2026000007', 3, 'Rahul', 'Bhatia', 'MALE', '1988-06-14', 'B_NEGATIVE', '9898765053', 'rahul.bhatia@email.com', '951 MG Road', 'Gurugram', 'Haryana', '122001', 'Pooja Bhatia', '9898765054', 'SPOUSE', NULL, true, false, NOW(), 'system', 0),
(28, 'FMR2026000008', 3, 'Sneha', 'Kulkarni', 'FEMALE', '1992-09-07', 'AB_NEGATIVE', '9898765055', 'sneha.kulkarni@email.com', '264 Sector 56', 'Gurugram', 'Haryana', '122011', 'Vijay Kulkarni', '9898765056', 'FATHER', NULL, true, false, NOW(), 'system', 0),
(29, 'FMR2026000009', 3, 'Amit', 'Jain', 'MALE', '1974-11-20', 'O_POSITIVE', '9898765057', 'amit.jain@email.com', '573 Sector 29', 'Gurugram', 'Haryana', '122001', 'Rekha Jain', '9898765058', 'SPOUSE', NULL, true, false, NOW(), 'system', 0),
(30, 'FMR2026000010', 3, 'Prerna', 'Singh', 'FEMALE', '1997-03-03', 'A_POSITIVE', '9898765059', 'prerna.singh@email.com', '682 Sector 82', 'Gurugram', 'Haryana', '122004', 'Rajender Singh', '9898765060', 'FATHER', NULL, true, false, NOW(), 'system', 0),
(31, 'MAX2026000001', 4, 'Suresh', 'Bansal', 'MALE', '1980-08-12', 'B_POSITIVE', '9898765061', 'suresh.bansal@email.com', '123 IP Extension', 'New Delhi', 'Delhi', '110092', 'Meera Bansal', '9898765062', 'SPOUSE', NULL, true, false, NOW(), 'system', 0),
(32, 'MAX2026000002', 4, 'Komal', 'Arora', 'FEMALE', '1985-11-28', 'O_POSITIVE', '9898765063', 'komal.arora@email.com', '456 Vasundhara', 'Ghaziabad', 'UP', '201012', 'Rajiv Arora', '9898765064', 'SPOUSE', NULL, true, false, NOW(), 'system', 0),
(33, 'MAX2026000003', 4, 'Rajesh', 'Garg', 'MALE', '1972-05-05', 'A_POSITIVE', '9898765065', 'rajesh.garg@email.com', '789 Indirapuram', 'Ghaziabad', 'UP', '201014', 'Sunita Garg', '9898765066', 'SPOUSE', NULL, true, false, NOW(), 'system', 0),
(34, 'MAX2026000004', 4, 'Sweta', 'Srivastava', 'FEMALE', '1991-02-18', 'AB_POSITIVE', '9898765067', 'sweta.srivastava@email.com', '321 Vaishali', 'Ghaziabad', 'UP', '201010', 'Arun Srivastava', '9898765068', 'FATHER', NULL, true, false, NOW(), 'system', 0),
(35, 'MAX2026000005', 4, 'Pawan', 'Mittal', 'MALE', '1983-07-24', 'B_NEGATIVE', '9898765069', 'pawan.mittal@email.com', '654 Kaushambi', 'Ghaziabad', 'UP', '201010', 'Anita Mittal', '9898765070', 'SPOUSE', NULL, true, false, NOW(), 'system', 0),
(36, 'MAX2026000006', 4, 'Nisha', 'Goyal', 'FEMALE', '1994-10-10', 'O_NEGATIVE', '9898765071', 'nisha.goyal@email.com', '987 Raj Nagar', 'Ghaziabad', 'UP', '201002', 'Sunil Goyal', '9898765072', 'FATHER', NULL, true, false, NOW(), 'system', 0),
(37, 'MAX2026000007', 4, 'Vikas', 'Singhal', 'MALE', '1978-01-07', 'A_NEGATIVE', '9898765073', 'vikas.singhal@email.com', '147 Noida Sector 62', 'Noida', 'UP', '201309', 'Kavita Singhal', '9898765074', 'SPOUSE', NULL, true, false, NOW(), 'system', 0),
(38, 'MAX2026000008', 4, 'Rashi', 'Bhatnagar', 'FEMALE', '1989-04-16', 'AB_NEGATIVE', '9898765075', 'rashi.bhatnagar@email.com', '258 Noida Sector 18', 'Noida', 'UP', '201301', 'Vikram Bhatnagar', '9898765076', 'SPOUSE', NULL, true, false, NOW(), 'system', 0),
(39, 'MAX2026000009', 4, 'Ashok', 'Chopra', 'MALE', '1968-12-02', 'B_POSITIVE', '9898765077', 'ashok.chopra@email.com', '369 Greater Noida', 'Greater Noida', 'UP', '201310', 'Kamla Chopra', '9898765078', 'SPOUSE', NULL, true, false, NOW(), 'system', 0),
(40, 'MAX2026000010', 4, 'Tanvi', 'Khurana', 'FEMALE', '1996-06-29', 'O_POSITIVE', '9898765079', 'tanvi.khurana@email.com', '741 Noida Sector 50', 'Noida', 'UP', '201301', 'Sandeep Khurana', '9898765080', 'FATHER', NULL, true, false, NOW(), 'system', 0),
(41, 'MED2026000001', 5, 'Harsh', 'Agrawal', 'MALE', '1981-03-21', 'A_POSITIVE', '9898765081', 'harsh.agrawal@email.com', '852 Sector 57', 'Gurugram', 'Haryana', '122011', 'Nidhi Agrawal', '9898765082', 'SPOUSE', NULL, true, false, NOW(), 'system', 0),
(42, 'MED2026000002', 5, 'Megha', 'Rastogi', 'FEMALE', '1987-08-14', 'B_POSITIVE', '9898765083', 'megha.rastogi@email.com', '963 DLF Phase 3', 'Gurugram', 'Haryana', '122002', 'Mohit Rastogi', '9898765084', 'SPOUSE', NULL, true, false, NOW(), 'system', 0),
(43, 'MED2026000003', 5, 'Anuj', 'Sagar', 'MALE', '1975-06-08', 'O_POSITIVE', '9898765085', 'anuj.sagar@email.com', '159 South City 1', 'Gurugram', 'Haryana', '122001', 'Reena Sagar', '9898765086', 'SPOUSE', NULL, true, false, NOW(), 'system', 0),
(44, 'MED2026000004', 5, 'Pallavi', 'Dubey', 'FEMALE', '1993-11-27', 'AB_POSITIVE', '9898765087', 'pallavi.dubey@email.com', '357 Sector 48', 'Gurugram', 'Haryana', '122018', 'Ramesh Dubey', '9898765088', 'FATHER', NULL, true, false, NOW(), 'system', 0),
(45, 'MED2026000005', 5, 'Kunal', 'Bhardwaj', 'MALE', '1979-09-15', 'B_NEGATIVE', '9898765089', 'kunal.bhardwaj@email.com', '486 Sector 67', 'Gurugram', 'Haryana', '122101', 'Aarti Bhardwaj', '9898765090', 'SPOUSE', NULL, true, false, NOW(), 'system', 0),
(46, 'MED2026000006', 5, 'Sonia', 'Bakshi', 'FEMALE', '1988-02-03', 'O_NEGATIVE', '9898765091', 'sonia.bakshi@email.com', '753 Sector 54', 'Gurugram', 'Haryana', '122011', 'Anil Bakshi', '9898765092', 'SPOUSE', NULL, true, false, NOW(), 'system', 0),
(47, 'MED2026000007', 5, 'Tarun', 'Chadha', 'MALE', '1984-05-19', 'A_NEGATIVE', '9898765093', 'tarun.chadha@email.com', '951 Nirvana Country', 'Gurugram', 'Haryana', '122018', 'Priya Chadha', '9898765094', 'SPOUSE', NULL, true, false, NOW(), 'system', 0),
(48, 'MED2026000008', 5, 'Isha', 'Malhotra', 'FEMALE', '1990-10-12', 'AB_NEGATIVE', '9898765095', 'isha.malhotra@email.com', '264 Sector 43', 'Gurugram', 'Haryana', '122009', 'Rajan Malhotra', '9898765096', 'FATHER', NULL, true, false, NOW(), 'system', 0),
(49, 'MED2026000009', 5, 'Nitin', 'Wadhwa', 'MALE', '1973-07-26', 'B_POSITIVE', '9898765097', 'nitin.wadhwa@email.com', '573 Sector 50', 'Gurugram', 'Haryana', '122018', 'Sunita Wadhwa', '9898765098', 'SPOUSE', NULL, true, false, NOW(), 'system', 0),
(50, 'MED2026000010', 5, 'Aditi', 'Thakur', 'FEMALE', '1997-01-08', 'O_POSITIVE', '9898765099', 'aditi.thakur@email.com', '682 Sector 70A', 'Gurugram', 'Haryana', '122101', 'Suresh Thakur', '9898765100', 'FATHER', NULL, true, false, NOW(), 'system', 0),
(51, 'CGH2026000011', 1, 'Shivam', 'Rawat', 'MALE', '1986-04-11', 'A_POSITIVE', '9898765101', 'shivam.rawat@email.com', '123 Punjabi Bagh', 'New Delhi', 'Delhi', '110026', 'Shalini Rawat', '9898765102', 'SPOUSE', NULL, true, false, NOW(), 'system', 0),
(52, 'CGH2026000012', 1, 'Sakshi', 'Bhatt', 'FEMALE', '1992-07-23', 'B_POSITIVE', '9898765103', 'sakshi.bhatt@email.com', '456 Rajouri Garden', 'New Delhi', 'Delhi', '110027', 'Vivek Bhatt', '9898765104', 'SPOUSE', NULL, true, false, NOW(), 'system', 0),
(53, 'APL2026000011', 2, 'Mohit', 'Taneja', 'MALE', '1980-10-05', 'O_POSITIVE', '9898765105', 'mohit.taneja@email.com', '789 Green Park', 'New Delhi', 'Delhi', '110016', 'Neeta Taneja', '9898765106', 'SPOUSE', NULL, true, false, NOW(), 'system', 0),
(54, 'APL2026000012', 2, 'Kritika', 'Sethi', 'FEMALE', '1989-12-18', 'AB_POSITIVE', '9898765107', 'kritika.sethi@email.com', '321 Malviya Nagar', 'New Delhi', 'Delhi', '110017', 'Rakesh Sethi', '9898765108', 'FATHER', NULL, true, false, NOW(), 'system', 0),
(55, 'FMR2026000011', 3, 'Akash', 'Vohra', 'MALE', '1983-03-28', 'A_POSITIVE', '9898765109', 'akash.vohra@email.com', '654 DLF Phase 2', 'Gurugram', 'Haryana', '122002', 'Meena Vohra', '9898765110', 'SPOUSE', NULL, true, false, NOW(), 'system', 0),
(56, 'FMR2026000012', 3, 'Ria', 'Anand', 'FEMALE', '1995-06-10', 'B_NEGATIVE', '9898765111', 'ria.anand@email.com', '987 Sector 31', 'Gurugram', 'Haryana', '122001', 'Suresh Anand', '9898765112', 'FATHER', NULL, true, false, NOW(), 'system', 0),
(57, 'MAX2026000011', 4, 'Yash', 'Khosla', 'MALE', '1977-09-14', 'O_NEGATIVE', '9898765113', 'yash.khosla@email.com', '147 Sector 63', 'Noida', 'UP', '201301', 'Anju Khosla', '9898765114', 'SPOUSE', NULL, true, false, NOW(), 'system', 0),
(58, 'MAX2026000012', 4, 'Tanya', 'Oberoi', 'FEMALE', '1991-01-22', 'A_NEGATIVE', '9898765115', 'tanya.oberoi@email.com', '258 Sector 44', 'Noida', 'UP', '201303', 'Ravi Oberoi', '9898765116', 'FATHER', NULL, true, false, NOW(), 'system', 0),
(59, 'MED2026000011', 5, 'Rohan', 'Luthra', 'MALE', '1985-05-06', 'AB_NEGATIVE', '9898765117', 'rohan.luthra@email.com', '369 Sector 52', 'Gurugram', 'Haryana', '122001', 'Pooja Luthra', '9898765118', 'SPOUSE', NULL, true, false, NOW(), 'system', 0),
(60, 'MED2026000012', 5, 'Rhea', 'Juneja', 'FEMALE', '1994-08-30', 'B_POSITIVE', '9898765119', 'rhea.juneja@email.com', '741 Sector 49', 'Gurugram', 'Haryana', '122018', 'Ashok Juneja', '9898765120', 'FATHER', NULL, true, false, NOW(), 'system', 0);

-- ============================================================
-- MEDICINES (55 medicines)
-- ============================================================
INSERT INTO medicines (id, hospital_id, name, generic_name, brand_name, category, dosage_form, strength, manufacturer, hsn_code, unit_price, gst_percentage, prescription_required, is_active, is_deleted, created_at, created_by, version) VALUES
(1, 1, 'Paracetamol 500mg', 'Paracetamol', 'Crocin', 'ANALGESIC', 'TABLET', '500mg', 'GSK', '30049099', 2.50, 12.00, false, true, false, NOW(), 'system', 0),
(2, 1, 'Amoxicillin 500mg', 'Amoxicillin', 'Mox', 'ANTIBIOTIC', 'CAPSULE', '500mg', 'Cipla', '30041000', 8.00, 12.00, true, true, false, NOW(), 'system', 0),
(3, 1, 'Omeprazole 20mg', 'Omeprazole', 'Omez', 'ANTACID', 'CAPSULE', '20mg', 'Dr Reddys', '30049099', 5.00, 12.00, true, true, false, NOW(), 'system', 0),
(4, 1, 'Metformin 500mg', 'Metformin', 'Glycomet', 'ANTIDIABETIC', 'TABLET', '500mg', 'USV', '30049099', 3.00, 12.00, true, true, false, NOW(), 'system', 0),
(5, 1, 'Amlodipine 5mg', 'Amlodipine', 'Amlong', 'ANTIHYPERTENSIVE', 'TABLET', '5mg', 'Micro Labs', '30049099', 4.00, 12.00, true, true, false, NOW(), 'system', 0),
(6, 1, 'Atorvastatin 10mg', 'Atorvastatin', 'Lipitor', 'LIPID_LOWERING', 'TABLET', '10mg', 'Pfizer', '30049099', 12.00, 12.00, true, true, false, NOW(), 'system', 0),
(7, 1, 'Azithromycin 500mg', 'Azithromycin', 'Azithral', 'ANTIBIOTIC', 'TABLET', '500mg', 'Alembic', '30041000', 45.00, 12.00, true, true, false, NOW(), 'system', 0),
(8, 1, 'Cetirizine 10mg', 'Cetirizine', 'Cetzine', 'ANTIHISTAMINE', 'TABLET', '10mg', 'Unichem', '30049099', 3.00, 12.00, false, true, false, NOW(), 'system', 0),
(9, 1, 'Pantoprazole 40mg', 'Pantoprazole', 'Pan 40', 'ANTACID', 'TABLET', '40mg', 'Alkem', '30049099', 6.00, 12.00, true, true, false, NOW(), 'system', 0),
(10, 1, 'Diclofenac 50mg', 'Diclofenac', 'Voveran', 'NSAID', 'TABLET', '50mg', 'Novartis', '30049099', 4.00, 12.00, true, true, false, NOW(), 'system', 0),
(11, 2, 'Aspirin 75mg', 'Aspirin', 'Ecosprin', 'ANTIPLATELET', 'TABLET', '75mg', 'USV', '30049099', 2.00, 12.00, true, true, false, NOW(), 'system', 0),
(12, 2, 'Clopidogrel 75mg', 'Clopidogrel', 'Plavix', 'ANTIPLATELET', 'TABLET', '75mg', 'Sanofi', '30049099', 15.00, 12.00, true, true, false, NOW(), 'system', 0),
(13, 2, 'Ramipril 5mg', 'Ramipril', 'Cardace', 'ACE_INHIBITOR', 'TABLET', '5mg', 'Sanofi', '30049099', 8.00, 12.00, true, true, false, NOW(), 'system', 0),
(14, 2, 'Metoprolol 50mg', 'Metoprolol', 'Betaloc', 'BETA_BLOCKER', 'TABLET', '50mg', 'AstraZeneca', '30049099', 6.00, 12.00, true, true, false, NOW(), 'system', 0),
(15, 2, 'Furosemide 40mg', 'Furosemide', 'Lasix', 'DIURETIC', 'TABLET', '40mg', 'Sanofi', '30049099', 3.00, 12.00, true, true, false, NOW(), 'system', 0),
(16, 2, 'Digoxin 0.25mg', 'Digoxin', 'Lanoxin', 'CARDIAC_GLYCOSIDE', 'TABLET', '0.25mg', 'GSK', '30049099', 5.00, 12.00, true, true, false, NOW(), 'system', 0),
(17, 2, 'Warfarin 5mg', 'Warfarin', 'Warf', 'ANTICOAGULANT', 'TABLET', '5mg', 'Cipla', '30049099', 4.00, 12.00, true, true, false, NOW(), 'system', 0),
(18, 2, 'Nitroglycerin 2.6mg', 'Nitroglycerin', 'Sorbitrate', 'ANTIANGINAL', 'TABLET', '2.6mg', 'Sun Pharma', '30049099', 3.00, 12.00, true, true, false, NOW(), 'system', 0),
(19, 2, 'Rosuvastatin 10mg', 'Rosuvastatin', 'Crestor', 'LIPID_LOWERING', 'TABLET', '10mg', 'AstraZeneca', '30049099', 18.00, 12.00, true, true, false, NOW(), 'system', 0),
(20, 2, 'Telmisartan 40mg', 'Telmisartan', 'Telma', 'ARB', 'TABLET', '40mg', 'Glenmark', '30049099', 8.00, 12.00, true, true, false, NOW(), 'system', 0),
(21, 3, 'Calcium + Vitamin D', 'Calcium Carbonate', 'Shelcal', 'SUPPLEMENT', 'TABLET', '500mg', 'Torrent', '30049099', 6.00, 12.00, false, true, false, NOW(), 'system', 0),
(22, 3, 'Glucosamine 500mg', 'Glucosamine', 'Jointace', 'SUPPLEMENT', 'TABLET', '500mg', 'Vitabiotics', '30049099', 15.00, 12.00, false, true, false, NOW(), 'system', 0),
(23, 3, 'Ibuprofen 400mg', 'Ibuprofen', 'Brufen', 'NSAID', 'TABLET', '400mg', 'Abbott', '30049099', 5.00, 12.00, false, true, false, NOW(), 'system', 0),
(24, 3, 'Tramadol 50mg', 'Tramadol', 'Ultram', 'ANALGESIC', 'CAPSULE', '50mg', 'Intas', '30049099', 8.00, 12.00, true, true, false, NOW(), 'system', 0),
(25, 3, 'Pregabalin 75mg', 'Pregabalin', 'Lyrica', 'NEUROPATHIC', 'CAPSULE', '75mg', 'Pfizer', '30049099', 12.00, 12.00, true, true, false, NOW(), 'system', 0),
(26, 3, 'Etoricoxib 90mg', 'Etoricoxib', 'Arcoxia', 'NSAID', 'TABLET', '90mg', 'MSD', '30049099', 25.00, 12.00, true, true, false, NOW(), 'system', 0),
(27, 3, 'Methylprednisolone 4mg', 'Methylprednisolone', 'Medrol', 'CORTICOSTEROID', 'TABLET', '4mg', 'Pfizer', '30049099', 8.00, 12.00, true, true, false, NOW(), 'system', 0),
(28, 3, 'Alendronate 70mg', 'Alendronate', 'Fosamax', 'BISPHOSPHONATE', 'TABLET', '70mg', 'MSD', '30049099', 45.00, 12.00, true, true, false, NOW(), 'system', 0),
(29, 3, 'Colchicine 0.5mg', 'Colchicine', 'Colchicum', 'ANTIGOUT', 'TABLET', '0.5mg', 'Intas', '30049099', 5.00, 12.00, true, true, false, NOW(), 'system', 0),
(30, 3, 'Allopurinol 100mg', 'Allopurinol', 'Zyloric', 'ANTIGOUT', 'TABLET', '100mg', 'GSK', '30049099', 4.00, 12.00, true, true, false, NOW(), 'system', 0),
(31, 4, 'Cisplatin 50mg', 'Cisplatin', 'Platinol', 'CHEMOTHERAPY', 'INJECTION', '50mg', 'Pfizer', '30049099', 850.00, 12.00, true, true, false, NOW(), 'system', 0),
(32, 4, 'Paclitaxel 100mg', 'Paclitaxel', 'Taxol', 'CHEMOTHERAPY', 'INJECTION', '100mg', 'BMS', '30049099', 4500.00, 12.00, true, true, false, NOW(), 'system', 0),
(33, 4, 'Carboplatin 150mg', 'Carboplatin', 'Paraplatin', 'CHEMOTHERAPY', 'INJECTION', '150mg', 'BMS', '30049099', 1200.00, 12.00, true, true, false, NOW(), 'system', 0),
(34, 4, 'Docetaxel 80mg', 'Docetaxel', 'Taxotere', 'CHEMOTHERAPY', 'INJECTION', '80mg', 'Sanofi', '30049099', 8500.00, 12.00, true, true, false, NOW(), 'system', 0),
(35, 4, 'Gemcitabine 1g', 'Gemcitabine', 'Gemzar', 'CHEMOTHERAPY', 'INJECTION', '1g', 'Eli Lilly', '30049099', 3500.00, 12.00, true, true, false, NOW(), 'system', 0),
(36, 4, 'Ondansetron 4mg', 'Ondansetron', 'Zofran', 'ANTIEMETIC', 'TABLET', '4mg', 'GSK', '30049099', 25.00, 12.00, true, true, false, NOW(), 'system', 0),
(37, 4, 'Filgrastim 300mcg', 'Filgrastim', 'Neupogen', 'GROWTH_FACTOR', 'INJECTION', '300mcg', 'Amgen', '30049099', 2500.00, 12.00, true, true, false, NOW(), 'system', 0),
(38, 4, 'Imatinib 400mg', 'Imatinib', 'Gleevec', 'TARGETED_THERAPY', 'TABLET', '400mg', 'Novartis', '30049099', 3500.00, 12.00, true, true, false, NOW(), 'system', 0),
(39, 4, 'Erlotinib 150mg', 'Erlotinib', 'Tarceva', 'TARGETED_THERAPY', 'TABLET', '150mg', 'Roche', '30049099', 4500.00, 12.00, true, true, false, NOW(), 'system', 0),
(40, 4, 'Bevacizumab 100mg', 'Bevacizumab', 'Avastin', 'TARGETED_THERAPY', 'INJECTION', '100mg', 'Roche', '30049099', 25000.00, 12.00, true, true, false, NOW(), 'system', 0),
(41, 5, 'Insulin Glargine', 'Insulin Glargine', 'Lantus', 'INSULIN', 'INJECTION', '100IU/ml', 'Sanofi', '30049099', 1800.00, 12.00, true, true, false, NOW(), 'system', 0),
(42, 5, 'Sitagliptin 100mg', 'Sitagliptin', 'Januvia', 'ANTIDIABETIC', 'TABLET', '100mg', 'MSD', '30049099', 55.00, 12.00, true, true, false, NOW(), 'system', 0),
(43, 5, 'Empagliflozin 10mg', 'Empagliflozin', 'Jardiance', 'ANTIDIABETIC', 'TABLET', '10mg', 'Boehringer', '30049099', 45.00, 12.00, true, true, false, NOW(), 'system', 0),
(44, 5, 'Levothyroxine 50mcg', 'Levothyroxine', 'Thyronorm', 'THYROID', 'TABLET', '50mcg', 'Abbott', '30049099', 4.00, 12.00, true, true, false, NOW(), 'system', 0),
(45, 5, 'Prednisolone 5mg', 'Prednisolone', 'Wysolone', 'CORTICOSTEROID', 'TABLET', '5mg', 'Pfizer', '30049099', 3.00, 12.00, true, true, false, NOW(), 'system', 0),
(46, 5, 'Tacrolimus 1mg', 'Tacrolimus', 'Prograf', 'IMMUNOSUPPRESSANT', 'CAPSULE', '1mg', 'Astellas', '30049099', 85.00, 12.00, true, true, false, NOW(), 'system', 0),
(47, 5, 'Mycophenolate 500mg', 'Mycophenolate', 'Cellcept', 'IMMUNOSUPPRESSANT', 'TABLET', '500mg', 'Roche', '30049099', 95.00, 12.00, true, true, false, NOW(), 'system', 0),
(48, 5, 'Cyclosporine 100mg', 'Cyclosporine', 'Sandimmun', 'IMMUNOSUPPRESSANT', 'CAPSULE', '100mg', 'Novartis', '30049099', 120.00, 12.00, true, true, false, NOW(), 'system', 0),
(49, 5, 'Enoxaparin 40mg', 'Enoxaparin', 'Clexane', 'ANTICOAGULANT', 'INJECTION', '40mg', 'Sanofi', '30049099', 450.00, 12.00, true, true, false, NOW(), 'system', 0),
(50, 5, 'Heparin 5000IU', 'Heparin', 'Heparin', 'ANTICOAGULANT', 'INJECTION', '5000IU', 'Leo Pharma', '30049099', 85.00, 12.00, true, true, false, NOW(), 'system', 0),
(51, 1, 'Dolo 650', 'Paracetamol', 'Dolo', 'ANALGESIC', 'TABLET', '650mg', 'Micro Labs', '30049099', 3.00, 12.00, false, true, false, NOW(), 'system', 0),
(52, 1, 'Augmentin 625', 'Amox-Clav', 'Augmentin', 'ANTIBIOTIC', 'TABLET', '625mg', 'GSK', '30041000', 35.00, 12.00, true, true, false, NOW(), 'system', 0),
(53, 2, 'Calpol 500', 'Paracetamol', 'Calpol', 'ANALGESIC', 'SYRUP', '500mg/5ml', 'GSK', '30049099', 45.00, 12.00, false, true, false, NOW(), 'system', 0),
(54, 3, 'Volini Gel', 'Diclofenac', 'Volini', 'TOPICAL_NSAID', 'GEL', '1%', 'Sun Pharma', '30049099', 85.00, 12.00, false, true, false, NOW(), 'system', 0),
(55, 4, 'Zantac 150', 'Ranitidine', 'Zantac', 'H2_BLOCKER', 'TABLET', '150mg', 'GSK', '30049099', 6.00, 12.00, false, true, false, NOW(), 'system', 0);

-- ============================================================
-- LAB TESTS (55 tests)
-- ============================================================
INSERT INTO lab_tests (id, hospital_id, name, code, category, description, sample_type, normal_range, unit, price, tat_hours, is_active, is_deleted, created_at, created_by, version) VALUES
(1, 1, 'Complete Blood Count', 'CBC', 'HEMATOLOGY', 'Complete blood count with differential', 'BLOOD', 'Various', '', 350.00, 4, true, false, NOW(), 'system', 0),
(2, 1, 'Blood Glucose Fasting', 'FBS', 'BIOCHEMISTRY', 'Fasting blood sugar', 'BLOOD', '70-100', 'mg/dL', 100.00, 2, true, false, NOW(), 'system', 0),
(3, 1, 'Blood Glucose PP', 'PPBS', 'BIOCHEMISTRY', 'Post prandial blood sugar', 'BLOOD', '<140', 'mg/dL', 100.00, 2, true, false, NOW(), 'system', 0),
(4, 1, 'HbA1c', 'HBA1C', 'BIOCHEMISTRY', 'Glycated hemoglobin', 'BLOOD', '<5.7', '%', 450.00, 24, true, false, NOW(), 'system', 0),
(5, 1, 'Lipid Profile', 'LIPID', 'BIOCHEMISTRY', 'Complete lipid panel', 'BLOOD', 'Various', '', 500.00, 6, true, false, NOW(), 'system', 0),
(6, 1, 'Liver Function Test', 'LFT', 'BIOCHEMISTRY', 'Liver function panel', 'BLOOD', 'Various', '', 600.00, 6, true, false, NOW(), 'system', 0),
(7, 1, 'Kidney Function Test', 'KFT', 'BIOCHEMISTRY', 'Renal function panel', 'BLOOD', 'Various', '', 550.00, 6, true, false, NOW(), 'system', 0),
(8, 1, 'Thyroid Profile', 'TFT', 'ENDOCRINOLOGY', 'T3, T4, TSH', 'BLOOD', 'Various', '', 650.00, 24, true, false, NOW(), 'system', 0),
(9, 1, 'Urine Routine', 'URINE_R', 'CLINICAL_PATHOLOGY', 'Complete urine analysis', 'URINE', 'Various', '', 150.00, 2, true, false, NOW(), 'system', 0),
(10, 1, 'Stool Routine', 'STOOL_R', 'CLINICAL_PATHOLOGY', 'Stool examination', 'STOOL', 'Various', '', 150.00, 4, true, false, NOW(), 'system', 0),
(11, 2, 'ECG', 'ECG', 'CARDIOLOGY', '12 lead electrocardiogram', 'N/A', 'Normal', '', 300.00, 1, true, false, NOW(), 'system', 0),
(12, 2, '2D Echocardiography', 'ECHO', 'CARDIOLOGY', 'Cardiac ultrasound', 'N/A', 'Normal', '', 2500.00, 1, true, false, NOW(), 'system', 0),
(13, 2, 'Stress Test', 'TMT', 'CARDIOLOGY', 'Treadmill stress test', 'N/A', 'Normal', '', 2000.00, 2, true, false, NOW(), 'system', 0),
(14, 2, 'Holter Monitor', 'HOLTER', 'CARDIOLOGY', '24 hour ECG monitoring', 'N/A', 'Normal', '', 3500.00, 48, true, false, NOW(), 'system', 0),
(15, 2, 'Troponin I', 'TROP_I', 'CARDIOLOGY', 'Cardiac marker', 'BLOOD', '<0.04', 'ng/mL', 800.00, 2, true, false, NOW(), 'system', 0),
(16, 2, 'BNP', 'BNP', 'CARDIOLOGY', 'Brain natriuretic peptide', 'BLOOD', '<100', 'pg/mL', 1200.00, 4, true, false, NOW(), 'system', 0),
(17, 2, 'D-Dimer', 'DDIMER', 'HEMATOLOGY', 'Fibrin degradation product', 'BLOOD', '<500', 'ng/mL', 900.00, 4, true, false, NOW(), 'system', 0),
(18, 2, 'PT/INR', 'PTINR', 'HEMATOLOGY', 'Prothrombin time', 'BLOOD', '11-15s', 'seconds', 350.00, 2, true, false, NOW(), 'system', 0),
(19, 2, 'APTT', 'APTT', 'HEMATOLOGY', 'Activated partial thromboplastin time', 'BLOOD', '25-35', 'seconds', 350.00, 2, true, false, NOW(), 'system', 0),
(20, 2, 'Cardiac CT', 'CT_HEART', 'CARDIOLOGY', 'CT coronary angiography', 'N/A', 'Normal', '', 15000.00, 24, true, false, NOW(), 'system', 0),
(21, 3, 'X-Ray Chest', 'XRAY_CHEST', 'RADIOLOGY', 'Chest radiograph', 'N/A', 'Normal', '', 400.00, 2, true, false, NOW(), 'system', 0),
(22, 3, 'X-Ray Spine', 'XRAY_SPINE', 'RADIOLOGY', 'Spinal radiograph', 'N/A', 'Normal', '', 600.00, 2, true, false, NOW(), 'system', 0),
(23, 3, 'X-Ray Knee', 'XRAY_KNEE', 'RADIOLOGY', 'Knee joint radiograph', 'N/A', 'Normal', '', 350.00, 2, true, false, NOW(), 'system', 0),
(24, 3, 'MRI Brain', 'MRI_BRAIN', 'RADIOLOGY', 'Brain MRI', 'N/A', 'Normal', '', 8000.00, 24, true, false, NOW(), 'system', 0),
(25, 3, 'MRI Spine', 'MRI_SPINE', 'RADIOLOGY', 'Spinal MRI', 'N/A', 'Normal', '', 9000.00, 24, true, false, NOW(), 'system', 0),
(26, 3, 'MRI Knee', 'MRI_KNEE', 'RADIOLOGY', 'Knee MRI', 'N/A', 'Normal', '', 7000.00, 24, true, false, NOW(), 'system', 0),
(27, 3, 'CT Scan Abdomen', 'CT_ABD', 'RADIOLOGY', 'Abdominal CT', 'N/A', 'Normal', '', 6000.00, 24, true, false, NOW(), 'system', 0),
(28, 3, 'Bone Density', 'DEXA', 'RADIOLOGY', 'DEXA scan', 'N/A', 'T-score >-1', '', 2500.00, 2, true, false, NOW(), 'system', 0),
(29, 3, 'Vitamin D', 'VIT_D', 'BIOCHEMISTRY', '25-hydroxy Vitamin D', 'BLOOD', '30-100', 'ng/mL', 1200.00, 24, true, false, NOW(), 'system', 0),
(30, 3, 'Vitamin B12', 'VIT_B12', 'BIOCHEMISTRY', 'Serum B12', 'BLOOD', '200-900', 'pg/mL', 800.00, 24, true, false, NOW(), 'system', 0),
(31, 4, 'Tumor Markers AFP', 'AFP', 'ONCOLOGY', 'Alpha fetoprotein', 'BLOOD', '<10', 'ng/mL', 900.00, 24, true, false, NOW(), 'system', 0),
(32, 4, 'Tumor Markers CEA', 'CEA', 'ONCOLOGY', 'Carcinoembryonic antigen', 'BLOOD', '<5', 'ng/mL', 900.00, 24, true, false, NOW(), 'system', 0),
(33, 4, 'Tumor Markers CA-125', 'CA125', 'ONCOLOGY', 'Cancer antigen 125', 'BLOOD', '<35', 'U/mL', 1000.00, 24, true, false, NOW(), 'system', 0),
(34, 4, 'Tumor Markers PSA', 'PSA', 'ONCOLOGY', 'Prostate specific antigen', 'BLOOD', '<4', 'ng/mL', 800.00, 24, true, false, NOW(), 'system', 0),
(35, 4, 'Tumor Markers CA 19-9', 'CA199', 'ONCOLOGY', 'Cancer antigen 19-9', 'BLOOD', '<37', 'U/mL', 1000.00, 24, true, false, NOW(), 'system', 0),
(36, 4, 'PET CT Scan', 'PET_CT', 'ONCOLOGY', 'Whole body PET-CT', 'N/A', 'Normal', '', 25000.00, 48, true, false, NOW(), 'system', 0),
(37, 4, 'Biopsy', 'BIOPSY', 'HISTOPATHOLOGY', 'Tissue biopsy', 'TISSUE', 'Normal', '', 3500.00, 72, true, false, NOW(), 'system', 0),
(38, 4, 'FNAC', 'FNAC', 'CYTOLOGY', 'Fine needle aspiration', 'TISSUE', 'Normal', '', 1500.00, 48, true, false, NOW(), 'system', 0),
(39, 4, 'Bone Marrow Aspiration', 'BMA', 'HEMATOLOGY', 'Bone marrow study', 'BONE_MARROW', 'Normal', '', 5000.00, 72, true, false, NOW(), 'system', 0),
(40, 4, 'Immunohistochemistry', 'IHC', 'HISTOPATHOLOGY', 'IHC markers', 'TISSUE', 'Various', '', 4000.00, 72, true, false, NOW(), 'system', 0),
(41, 5, 'USG Abdomen', 'USG_ABD', 'RADIOLOGY', 'Abdominal ultrasound', 'N/A', 'Normal', '', 1200.00, 1, true, false, NOW(), 'system', 0),
(42, 5, 'USG Pelvis', 'USG_PELV', 'RADIOLOGY', 'Pelvic ultrasound', 'N/A', 'Normal', '', 1000.00, 1, true, false, NOW(), 'system', 0),
(43, 5, 'USG Thyroid', 'USG_THY', 'RADIOLOGY', 'Thyroid ultrasound', 'N/A', 'Normal', '', 800.00, 1, true, false, NOW(), 'system', 0),
(44, 5, 'Doppler Carotid', 'DOPP_CAR', 'RADIOLOGY', 'Carotid doppler', 'N/A', 'Normal', '', 2500.00, 2, true, false, NOW(), 'system', 0),
(45, 5, 'Doppler Lower Limb', 'DOPP_LL', 'RADIOLOGY', 'Lower limb doppler', 'N/A', 'Normal', '', 2500.00, 2, true, false, NOW(), 'system', 0),
(46, 5, 'Serum Creatinine', 'CREAT', 'BIOCHEMISTRY', 'Kidney function', 'BLOOD', '0.7-1.3', 'mg/dL', 150.00, 2, true, false, NOW(), 'system', 0),
(47, 5, 'Blood Urea', 'UREA', 'BIOCHEMISTRY', 'Kidney function', 'BLOOD', '15-40', 'mg/dL', 120.00, 2, true, false, NOW(), 'system', 0),
(48, 5, 'Serum Electrolytes', 'ELECTR', 'BIOCHEMISTRY', 'Na, K, Cl', 'BLOOD', 'Various', '', 400.00, 2, true, false, NOW(), 'system', 0),
(49, 5, 'Uric Acid', 'URIC', 'BIOCHEMISTRY', 'Serum uric acid', 'BLOOD', '3.5-7.2', 'mg/dL', 150.00, 2, true, false, NOW(), 'system', 0),
(50, 5, 'CRP', 'CRP', 'BIOCHEMISTRY', 'C-reactive protein', 'BLOOD', '<6', 'mg/L', 400.00, 4, true, false, NOW(), 'system', 0),
(51, 1, 'ESR', 'ESR', 'HEMATOLOGY', 'Erythrocyte sedimentation rate', 'BLOOD', '0-20', 'mm/hr', 100.00, 2, true, false, NOW(), 'system', 0),
(52, 2, 'Serum Iron', 'IRON', 'BIOCHEMISTRY', 'Iron studies', 'BLOOD', '60-170', 'mcg/dL', 350.00, 4, true, false, NOW(), 'system', 0),
(53, 3, 'Ferritin', 'FERR', 'BIOCHEMISTRY', 'Serum ferritin', 'BLOOD', '12-300', 'ng/mL', 500.00, 24, true, false, NOW(), 'system', 0),
(54, 4, 'LDH', 'LDH', 'BIOCHEMISTRY', 'Lactate dehydrogenase', 'BLOOD', '140-280', 'U/L', 300.00, 4, true, false, NOW(), 'system', 0),
(55, 5, 'Ammonia', 'AMMONIA', 'BIOCHEMISTRY', 'Blood ammonia', 'BLOOD', '15-45', 'mcg/dL', 600.00, 4, true, false, NOW(), 'system', 0);

-- ============================================================
-- APPOINTMENTS (60 appointments)
-- ============================================================
INSERT INTO appointments (id, appointment_number, hospital_id, department_id, patient_id, patient_name, patient_mobile, doctor_id, doctor_name, appointment_type, appointment_date, slot_start_time, slot_end_time, status, token_number, consultation_fee, is_fee_paid, booking_source, is_active, is_deleted, created_at, created_by, version) VALUES
(1, 'APT2026020001', 1, 1, 1, 'Ramesh Sharma', '9898765001', 1, 'Dr. Rajesh Kumar', 'OPD', CURDATE(), '09:00:00', '09:15:00', 'SCHEDULED', 1, 500.00, true, 'ONLINE', true, false, NOW(), 'system', 0),
(2, 'APT2026020002', 1, 2, 2, 'Sunita Devi', '9898765003', 2, 'Dr. Priya Sharma', 'OPD', CURDATE(), '09:30:00', '09:45:00', 'SCHEDULED', 2, 800.00, true, 'ONLINE', true, false, NOW(), 'system', 0),
(3, 'APT2026020003', 1, 3, 3, 'Ajay Kumar', '9898765005', 3, 'Dr. Amit Patel', 'OPD', CURDATE(), '10:00:00', '10:15:00', 'CHECKED_IN', 3, 600.00, true, 'COUNTER', true, false, NOW(), 'system', 0),
(4, 'APT2026020004', 1, 4, 4, 'Meena Kumari', '9898765007', 4, 'Dr. Sunita Verma', 'OPD', CURDATE(), '10:30:00', '10:45:00', 'SCHEDULED', 4, 700.00, false, 'ONLINE', true, false, NOW(), 'system', 0),
(5, 'APT2026020005', 1, 5, 5, 'Sanjay Verma', '9898765009', 5, 'Dr. Vikram Singh', 'OPD', CURDATE(), '11:00:00', '11:15:00', 'COMPLETED', 5, 450.00, true, 'PHONE', true, false, NOW(), 'system', 0),
(6, 'APT2026020006', 1, 6, 6, 'Rekha Singh', '9898765011', 6, 'Dr. Neha Gupta', 'OPD', CURDATE(), '11:30:00', '11:45:00', 'SCHEDULED', 6, 550.00, true, 'ONLINE', true, false, NOW(), 'system', 0),
(7, 'APT2026020007', 1, 7, 7, 'Vikrant Patel', '9898765013', 7, 'Dr. Arun Mehta', 'OPD', CURDATE(), '14:00:00', '14:15:00', 'SCHEDULED', 7, 400.00, true, 'WALK_IN', true, false, NOW(), 'system', 0),
(8, 'APT2026020008', 1, 8, 8, 'Anjali Gupta', '9898765015', 8, 'Dr. Kavita Joshi', 'OPD', CURDATE(), '14:30:00', '14:45:00', 'SCHEDULED', 8, 450.00, false, 'ONLINE', true, false, NOW(), 'system', 0),
(9, 'APT2026020009', 2, 14, 11, 'Karan Malhotra', '9898765021', 9, 'Dr. Rahul Khanna', 'OPD', CURDATE(), '09:00:00', '09:30:00', 'SCHEDULED', 1, 1200.00, true, 'ONLINE', true, false, NOW(), 'system', 0),
(10, 'APT2026020010', 2, 15, 12, 'Simran Kapoor', '9898765023', 10, 'Dr. Anjali Reddy', 'OPD', CURDATE(), '09:30:00', '10:00:00', 'CHECKED_IN', 2, 1500.00, true, 'ONLINE', true, false, NOW(), 'system', 0),
(11, 'APT2026020011', 2, 16, 13, 'Aditya Mehta', '9898765025', 11, 'Dr. Suresh Nair', 'OPD', CURDATE(), '10:00:00', '10:30:00', 'SCHEDULED', 3, 1400.00, true, 'COUNTER', true, false, NOW(), 'system', 0),
(12, 'APT2026020012', 2, 17, 14, 'Divya Sharma', '9898765027', 12, 'Dr. Meera Iyer', 'OPD', CURDATE(), '10:30:00', '11:00:00', 'SCHEDULED', 4, 1000.00, false, 'ONLINE', true, false, NOW(), 'system', 0),
(13, 'APT2026020013', 2, 18, 15, 'Nikhil Reddy', '9898765029', 13, 'Dr. Prakash Rao', 'OPD', CURDATE(), '11:00:00', '11:30:00', 'COMPLETED', 5, 900.00, true, 'PHONE', true, false, NOW(), 'system', 0),
(14, 'APT2026020014', 2, 19, 16, 'Pooja Iyer', '9898765031', 14, 'Dr. Shalini Mishra', 'OPD', CURDATE(), '11:30:00', '12:00:00', 'SCHEDULED', 6, 850.00, true, 'ONLINE', true, false, NOW(), 'system', 0),
(15, 'APT2026020015', 2, 20, 17, 'Arjun Nair', '9898765033', 15, 'Dr. Deepak Saxena', 'OPD', CURDATE(), '14:00:00', '14:30:00', 'SCHEDULED', 7, 750.00, true, 'WALK_IN', true, false, NOW(), 'system', 0),
(16, 'APT2026020016', 2, 21, 18, 'Shreya Rao', '9898765035', 16, 'Dr. Pooja Agarwal', 'OPD', CURDATE(), '14:30:00', '15:00:00', 'SCHEDULED', 8, 1100.00, false, 'ONLINE', true, false, NOW(), 'system', 0),
(17, 'APT2026020017', 3, 25, 21, 'Gaurav Tiwari', '9898765041', 17, 'Dr. Manish Tiwari', 'OPD', CURDATE(), '09:00:00', '09:15:00', 'SCHEDULED', 1, 900.00, true, 'ONLINE', true, false, NOW(), 'system', 0),
(18, 'APT2026020018', 3, 26, 22, 'Neetu Pandey', '9898765043', 18, 'Dr. Ritu Malhotra', 'OPD', CURDATE(), '09:30:00', '09:45:00', 'CHECKED_IN', 2, 750.00, true, 'ONLINE', true, false, NOW(), 'system', 0),
(19, 'APT2026020019', 3, 27, 23, 'Manish Chaudhary', '9898765045', 19, 'Dr. Sanjay Kapoor', 'OPD', CURDATE(), '10:00:00', '10:15:00', 'SCHEDULED', 3, 700.00, true, 'COUNTER', true, false, NOW(), 'system', 0),
(20, 'APT2026020020', 3, 28, 24, 'Ritu Saxena', '9898765047', 20, 'Dr. Anita Bose', 'OPD', CURDATE(), '10:30:00', '10:45:00', 'SCHEDULED', 4, 1200.00, false, 'ONLINE', true, false, NOW(), 'system', 0),
(21, 'APT2026020021', 3, 29, 25, 'Deepak Yadav', '9898765049', 21, 'Dr. Vivek Chandra', 'OPD', CURDATE(), '11:00:00', '11:15:00', 'COMPLETED', 5, 1100.00, true, 'PHONE', true, false, NOW(), 'system', 0),
(22, 'APT2026020022', 3, 30, 26, 'Kavya Deshmukh', '9898765051', 22, 'Dr. Swati Pandey', 'OPD', CURDATE(), '11:30:00', '11:45:00', 'SCHEDULED', 6, 950.00, true, 'ONLINE', true, false, NOW(), 'system', 0),
(23, 'APT2026020023', 3, 31, 27, 'Rahul Bhatia', '9898765053', 23, 'Dr. Gopal Krishnan', 'OPD', CURDATE(), '14:00:00', '14:15:00', 'SCHEDULED', 7, 650.00, true, 'WALK_IN', true, false, NOW(), 'system', 0),
(24, 'APT2026020024', 3, 32, 28, 'Sneha Kulkarni', '9898765055', 24, 'Dr. Rashmi Desai', 'OPD', CURDATE(), '14:30:00', '14:45:00', 'SCHEDULED', 8, 800.00, false, 'ONLINE', true, false, NOW(), 'system', 0),
(25, 'APT2026020025', 4, 37, 31, 'Suresh Bansal', '9898765061', 25, 'Dr. Alok Sharma', 'OPD', CURDATE(), '09:00:00', '09:15:00', 'SCHEDULED', 1, 600.00, true, 'ONLINE', true, false, NOW(), 'system', 0),
(26, 'APT2026020026', 4, 38, 32, 'Komal Arora', '9898765063', 26, 'Dr. Nidhi Singh', 'OPD', CURDATE(), '09:30:00', '09:45:00', 'CHECKED_IN', 2, 950.00, true, 'ONLINE', true, false, NOW(), 'system', 0),
(27, 'APT2026020027', 4, 39, 33, 'Rajesh Garg', '9898765065', 27, 'Dr. Harsh Vardhan', 'OPD', CURDATE(), '10:00:00', '10:15:00', 'SCHEDULED', 3, 850.00, true, 'COUNTER', true, false, NOW(), 'system', 0),
(28, 'APT2026020028', 4, 40, 34, 'Sweta Srivastava', '9898765067', 28, 'Dr. Rekha Dubey', 'OPD', CURDATE(), '10:30:00', '10:45:00', 'SCHEDULED', 4, 1000.00, false, 'ONLINE', true, false, NOW(), 'system', 0),
(29, 'APT2026020029', 4, 41, 35, 'Pawan Mittal', '9898765069', 29, 'Dr. Ashish Kumar', 'OPD', CURDATE(), '11:00:00', '11:15:00', 'COMPLETED', 5, 950.00, true, 'PHONE', true, false, NOW(), 'system', 0),
(30, 'APT2026020030', 4, 42, 36, 'Nisha Goyal', '9898765071', 30, 'Dr. Poonam Sinha', 'OPD', CURDATE(), '11:30:00', '11:45:00', 'SCHEDULED', 6, 1100.00, true, 'ONLINE', true, false, NOW(), 'system', 0),
(31, 'APT2026020031', 4, 43, 37, 'Vikas Singhal', '9898765073', 31, 'Dr. Rajat Bansal', 'OPD', CURDATE(), '14:00:00', '14:15:00', 'SCHEDULED', 7, 800.00, true, 'WALK_IN', true, false, NOW(), 'system', 0),
(32, 'APT2026020032', 4, 44, 38, 'Rashi Bhatnagar', '9898765075', 32, 'Dr. Shikha Kapoor', 'OPD', CURDATE(), '14:30:00', '14:45:00', 'SCHEDULED', 8, 750.00, false, 'ONLINE', true, false, NOW(), 'system', 0),
(33, 'APT2026020033', 5, 49, 41, 'Harsh Agrawal', '9898765081', 33, 'Dr. Naresh Trehan', 'OPD', CURDATE(), '09:00:00', '09:30:00', 'SCHEDULED', 1, 2500.00, true, 'ONLINE', true, false, NOW(), 'system', 0),
(34, 'APT2026020034', 5, 50, 42, 'Megha Rastogi', '9898765083', 34, 'Dr. Sameer Malhotra', 'OPD', CURDATE(), '09:30:00', '10:00:00', 'CHECKED_IN', 2, 1500.00, true, 'ONLINE', true, false, NOW(), 'system', 0),
(35, 'APT2026020035', 5, 51, 43, 'Anuj Sagar', '9898765085', 35, 'Dr. Neerja Gupta', 'OPD', CURDATE(), '10:00:00', '10:30:00', 'SCHEDULED', 3, 1400.00, true, 'COUNTER', true, false, NOW(), 'system', 0),
(36, 'APT2026020036', 5, 52, 44, 'Pallavi Dubey', '9898765087', 36, 'Dr. Ramesh Hotchandani', 'OPD', CURDATE(), '10:30:00', '11:00:00', 'SCHEDULED', 4, 1200.00, false, 'ONLINE', true, false, NOW(), 'system', 0),
(37, 'APT2026020037', 5, 53, 45, 'Kunal Bhardwaj', '9898765089', 37, 'Dr. Mohit Bhandari', 'OPD', CURDATE(), '11:00:00', '11:30:00', 'COMPLETED', 5, 1000.00, true, 'PHONE', true, false, NOW(), 'system', 0),
(38, 'APT2026020038', 5, 54, 46, 'Sonia Bakshi', '9898765091', 38, 'Dr. Asha Sharma', 'OPD', CURDATE(), '11:30:00', '12:00:00', 'SCHEDULED', 6, 1100.00, true, 'ONLINE', true, false, NOW(), 'system', 0),
(39, 'APT2026020039', 5, 55, 47, 'Tarun Chadha', '9898765093', 39, 'Dr. Vineet Arora', 'OPD', CURDATE(), '14:00:00', '14:30:00', 'SCHEDULED', 7, 1300.00, true, 'WALK_IN', true, false, NOW(), 'system', 0),
(40, 'APT2026020040', 5, 56, 48, 'Isha Malhotra', '9898765095', 40, 'Dr. Suman Lata', 'OPD', CURDATE(), '14:30:00', '15:00:00', 'SCHEDULED', 8, 800.00, false, 'ONLINE', true, false, NOW(), 'system', 0),
-- Tomorrow's appointments
(41, 'APT2026020041', 1, 1, 9, 'Rohit Agarwal', '9898765017', 1, 'Dr. Rajesh Kumar', 'OPD', DATE_ADD(CURDATE(), INTERVAL 1 DAY), '09:00:00', '09:15:00', 'SCHEDULED', 1, 500.00, true, 'ONLINE', true, false, NOW(), 'system', 0),
(42, 'APT2026020042', 1, 2, 10, 'Priyanka Joshi', '9898765019', 2, 'Dr. Priya Sharma', 'OPD', DATE_ADD(CURDATE(), INTERVAL 1 DAY), '09:30:00', '09:45:00', 'SCHEDULED', 2, 800.00, false, 'ONLINE', true, false, NOW(), 'system', 0),
(43, 'APT2026020043', 2, 14, 19, 'Varun Khanna', '9898765037', 9, 'Dr. Rahul Khanna', 'OPD', DATE_ADD(CURDATE(), INTERVAL 1 DAY), '09:00:00', '09:30:00', 'SCHEDULED', 1, 1200.00, true, 'ONLINE', true, false, NOW(), 'system', 0),
(44, 'APT2026020044', 2, 15, 20, 'Anushka Mishra', '9898765039', 10, 'Dr. Anjali Reddy', 'OPD', DATE_ADD(CURDATE(), INTERVAL 1 DAY), '09:30:00', '10:00:00', 'SCHEDULED', 2, 1500.00, false, 'ONLINE', true, false, NOW(), 'system', 0),
(45, 'APT2026020045', 3, 25, 29, 'Amit Jain', '9898765057', 17, 'Dr. Manish Tiwari', 'OPD', DATE_ADD(CURDATE(), INTERVAL 1 DAY), '09:00:00', '09:15:00', 'SCHEDULED', 1, 900.00, true, 'ONLINE', true, false, NOW(), 'system', 0),
(46, 'APT2026020046', 3, 26, 30, 'Prerna Singh', '9898765059', 18, 'Dr. Ritu Malhotra', 'OPD', DATE_ADD(CURDATE(), INTERVAL 1 DAY), '09:30:00', '09:45:00', 'SCHEDULED', 2, 750.00, false, 'ONLINE', true, false, NOW(), 'system', 0),
(47, 'APT2026020047', 4, 37, 39, 'Ashok Chopra', '9898765077', 25, 'Dr. Alok Sharma', 'OPD', DATE_ADD(CURDATE(), INTERVAL 1 DAY), '09:00:00', '09:15:00', 'SCHEDULED', 1, 600.00, true, 'ONLINE', true, false, NOW(), 'system', 0),
(48, 'APT2026020048', 4, 38, 40, 'Tanvi Khurana', '9898765079', 26, 'Dr. Nidhi Singh', 'OPD', DATE_ADD(CURDATE(), INTERVAL 1 DAY), '09:30:00', '09:45:00', 'SCHEDULED', 2, 950.00, false, 'ONLINE', true, false, NOW(), 'system', 0),
(49, 'APT2026020049', 5, 49, 49, 'Nitin Wadhwa', '9898765097', 33, 'Dr. Naresh Trehan', 'OPD', DATE_ADD(CURDATE(), INTERVAL 1 DAY), '09:00:00', '09:30:00', 'SCHEDULED', 1, 2500.00, true, 'ONLINE', true, false, NOW(), 'system', 0),
(50, 'APT2026020050', 5, 50, 50, 'Aditi Thakur', '9898765099', 34, 'Dr. Sameer Malhotra', 'OPD', DATE_ADD(CURDATE(), INTERVAL 1 DAY), '09:30:00', '10:00:00', 'SCHEDULED', 2, 1500.00, false, 'ONLINE', true, false, NOW(), 'system', 0),
-- Past appointments (completed)
(51, 'APT2026010001', 1, 1, 1, 'Ramesh Sharma', '9898765001', 1, 'Dr. Rajesh Kumar', 'OPD', DATE_SUB(CURDATE(), INTERVAL 7 DAY), '09:00:00', '09:15:00', 'COMPLETED', 1, 500.00, true, 'ONLINE', true, false, NOW(), 'system', 0),
(52, 'APT2026010002', 1, 2, 2, 'Sunita Devi', '9898765003', 2, 'Dr. Priya Sharma', 'OPD', DATE_SUB(CURDATE(), INTERVAL 7 DAY), '09:30:00', '09:45:00', 'COMPLETED', 2, 800.00, true, 'ONLINE', true, false, NOW(), 'system', 0),
(53, 'APT2026010003', 2, 14, 11, 'Karan Malhotra', '9898765021', 9, 'Dr. Rahul Khanna', 'OPD', DATE_SUB(CURDATE(), INTERVAL 5 DAY), '09:00:00', '09:30:00', 'COMPLETED', 1, 1200.00, true, 'ONLINE', true, false, NOW(), 'system', 0),
(54, 'APT2026010004', 2, 15, 12, 'Simran Kapoor', '9898765023', 10, 'Dr. Anjali Reddy', 'OPD', DATE_SUB(CURDATE(), INTERVAL 5 DAY), '09:30:00', '10:00:00', 'COMPLETED', 2, 1500.00, true, 'ONLINE', true, false, NOW(), 'system', 0),
(55, 'APT2026010005', 3, 25, 21, 'Gaurav Tiwari', '9898765041', 17, 'Dr. Manish Tiwari', 'OPD', DATE_SUB(CURDATE(), INTERVAL 3 DAY), '09:00:00', '09:15:00', 'COMPLETED', 1, 900.00, true, 'COUNTER', true, false, NOW(), 'system', 0),
(56, 'APT2026010006', 3, 26, 22, 'Neetu Pandey', '9898765043', 18, 'Dr. Ritu Malhotra', 'OPD', DATE_SUB(CURDATE(), INTERVAL 3 DAY), '09:30:00', '09:45:00', 'COMPLETED', 2, 750.00, true, 'ONLINE', true, false, NOW(), 'system', 0),
(57, 'APT2026010007', 4, 37, 31, 'Suresh Bansal', '9898765061', 25, 'Dr. Alok Sharma', 'OPD', DATE_SUB(CURDATE(), INTERVAL 2 DAY), '09:00:00', '09:15:00', 'COMPLETED', 1, 600.00, true, 'PHONE', true, false, NOW(), 'system', 0),
(58, 'APT2026010008', 4, 38, 32, 'Komal Arora', '9898765063', 26, 'Dr. Nidhi Singh', 'OPD', DATE_SUB(CURDATE(), INTERVAL 2 DAY), '09:30:00', '09:45:00', 'COMPLETED', 2, 950.00, true, 'ONLINE', true, false, NOW(), 'system', 0),
(59, 'APT2026010009', 5, 49, 41, 'Harsh Agrawal', '9898765081', 33, 'Dr. Naresh Trehan', 'OPD', DATE_SUB(CURDATE(), INTERVAL 1 DAY), '09:00:00', '09:30:00', 'COMPLETED', 1, 2500.00, true, 'ONLINE', true, false, NOW(), 'system', 0),
(60, 'APT2026010010', 5, 50, 42, 'Megha Rastogi', '9898765083', 34, 'Dr. Sameer Malhotra', 'OPD', DATE_SUB(CURDATE(), INTERVAL 1 DAY), '09:30:00', '10:00:00', 'COMPLETED', 2, 1500.00, true, 'ONLINE', true, false, NOW(), 'system', 0);

-- ============================================================
-- INVOICES (55 invoices)
-- ============================================================
INSERT INTO invoices (id, invoice_number, hospital_id, patient_id, patient_name, patient_mobile, appointment_id, invoice_date, due_date, subtotal, discount_amount, tax_amount, total_amount, paid_amount, balance_amount, status, billing_type, is_active, is_deleted, created_at, created_by, version) VALUES
(1, 'INV2026020001', 1, 1, 'Ramesh Sharma', '9898765001', 1, CURDATE(), DATE_ADD(CURDATE(), INTERVAL 7 DAY), 500.00, 0.00, 90.00, 590.00, 590.00, 0.00, 'PAID', 'OPD', true, false, NOW(), 'system', 0),
(2, 'INV2026020002', 1, 2, 'Sunita Devi', '9898765003', 2, CURDATE(), DATE_ADD(CURDATE(), INTERVAL 7 DAY), 800.00, 0.00, 144.00, 944.00, 944.00, 0.00, 'PAID', 'OPD', true, false, NOW(), 'system', 0),
(3, 'INV2026020003', 1, 3, 'Ajay Kumar', '9898765005', 3, CURDATE(), DATE_ADD(CURDATE(), INTERVAL 7 DAY), 950.00, 50.00, 162.00, 1062.00, 1062.00, 0.00, 'PAID', 'OPD', true, false, NOW(), 'system', 0),
(4, 'INV2026020004', 1, 4, 'Meena Kumari', '9898765007', 4, CURDATE(), DATE_ADD(CURDATE(), INTERVAL 7 DAY), 700.00, 0.00, 126.00, 826.00, 0.00, 826.00, 'PENDING', 'OPD', true, false, NOW(), 'system', 0),
(5, 'INV2026020005', 1, 5, 'Sanjay Verma', '9898765009', 5, CURDATE(), DATE_ADD(CURDATE(), INTERVAL 7 DAY), 800.00, 0.00, 144.00, 944.00, 944.00, 0.00, 'PAID', 'OPD', true, false, NOW(), 'system', 0),
(6, 'INV2026020006', 1, 6, 'Rekha Singh', '9898765011', 6, CURDATE(), DATE_ADD(CURDATE(), INTERVAL 7 DAY), 550.00, 0.00, 99.00, 649.00, 649.00, 0.00, 'PAID', 'OPD', true, false, NOW(), 'system', 0),
(7, 'INV2026020007', 1, 7, 'Vikrant Patel', '9898765013', 7, CURDATE(), DATE_ADD(CURDATE(), INTERVAL 7 DAY), 750.00, 50.00, 126.00, 826.00, 826.00, 0.00, 'PAID', 'OPD', true, false, NOW(), 'system', 0),
(8, 'INV2026020008', 1, 8, 'Anjali Gupta', '9898765015', 8, CURDATE(), DATE_ADD(CURDATE(), INTERVAL 7 DAY), 450.00, 0.00, 81.00, 531.00, 0.00, 531.00, 'PENDING', 'OPD', true, false, NOW(), 'system', 0),
(9, 'INV2026020009', 2, 11, 'Karan Malhotra', '9898765021', 9, CURDATE(), DATE_ADD(CURDATE(), INTERVAL 7 DAY), 1200.00, 0.00, 216.00, 1416.00, 1416.00, 0.00, 'PAID', 'OPD', true, false, NOW(), 'system', 0),
(10, 'INV2026020010', 2, 12, 'Simran Kapoor', '9898765023', 10, CURDATE(), DATE_ADD(CURDATE(), INTERVAL 7 DAY), 1500.00, 100.00, 252.00, 1652.00, 1652.00, 0.00, 'PAID', 'OPD', true, false, NOW(), 'system', 0),
(11, 'INV2026020011', 2, 13, 'Aditya Mehta', '9898765025', 11, CURDATE(), DATE_ADD(CURDATE(), INTERVAL 7 DAY), 1400.00, 0.00, 252.00, 1652.00, 1652.00, 0.00, 'PAID', 'OPD', true, false, NOW(), 'system', 0),
(12, 'INV2026020012', 2, 14, 'Divya Sharma', '9898765027', 12, CURDATE(), DATE_ADD(CURDATE(), INTERVAL 7 DAY), 1000.00, 0.00, 180.00, 1180.00, 0.00, 1180.00, 'PENDING', 'OPD', true, false, NOW(), 'system', 0),
(13, 'INV2026020013', 2, 15, 'Nikhil Reddy', '9898765029', 13, CURDATE(), DATE_ADD(CURDATE(), INTERVAL 7 DAY), 1250.00, 50.00, 216.00, 1416.00, 1416.00, 0.00, 'PAID', 'OPD', true, false, NOW(), 'system', 0),
(14, 'INV2026020014', 2, 16, 'Pooja Iyer', '9898765031', 14, CURDATE(), DATE_ADD(CURDATE(), INTERVAL 7 DAY), 850.00, 0.00, 153.00, 1003.00, 1003.00, 0.00, 'PAID', 'OPD', true, false, NOW(), 'system', 0),
(15, 'INV2026020015', 2, 17, 'Arjun Nair', '9898765033', 15, CURDATE(), DATE_ADD(CURDATE(), INTERVAL 7 DAY), 750.00, 0.00, 135.00, 885.00, 885.00, 0.00, 'PAID', 'OPD', true, false, NOW(), 'system', 0),
(16, 'INV2026020016', 2, 18, 'Shreya Rao', '9898765035', 16, CURDATE(), DATE_ADD(CURDATE(), INTERVAL 7 DAY), 1100.00, 0.00, 198.00, 1298.00, 0.00, 1298.00, 'PENDING', 'OPD', true, false, NOW(), 'system', 0),
(17, 'INV2026020017', 3, 21, 'Gaurav Tiwari', '9898765041', 17, CURDATE(), DATE_ADD(CURDATE(), INTERVAL 7 DAY), 900.00, 0.00, 162.00, 1062.00, 1062.00, 0.00, 'PAID', 'OPD', true, false, NOW(), 'system', 0),
(18, 'INV2026020018', 3, 22, 'Neetu Pandey', '9898765043', 18, CURDATE(), DATE_ADD(CURDATE(), INTERVAL 7 DAY), 750.00, 0.00, 135.00, 885.00, 885.00, 0.00, 'PAID', 'OPD', true, false, NOW(), 'system', 0),
(19, 'INV2026020019', 3, 23, 'Manish Chaudhary', '9898765045', 19, CURDATE(), DATE_ADD(CURDATE(), INTERVAL 7 DAY), 1050.00, 50.00, 180.00, 1180.00, 1180.00, 0.00, 'PAID', 'OPD', true, false, NOW(), 'system', 0),
(20, 'INV2026020020', 3, 24, 'Ritu Saxena', '9898765047', 20, CURDATE(), DATE_ADD(CURDATE(), INTERVAL 7 DAY), 1200.00, 0.00, 216.00, 1416.00, 0.00, 1416.00, 'PENDING', 'OPD', true, false, NOW(), 'system', 0),
(21, 'INV2026020021', 3, 25, 'Deepak Yadav', '9898765049', 21, CURDATE(), DATE_ADD(CURDATE(), INTERVAL 7 DAY), 1100.00, 0.00, 198.00, 1298.00, 1298.00, 0.00, 'PAID', 'OPD', true, false, NOW(), 'system', 0),
(22, 'INV2026020022', 3, 26, 'Kavya Deshmukh', '9898765051', 22, CURDATE(), DATE_ADD(CURDATE(), INTERVAL 7 DAY), 950.00, 0.00, 171.00, 1121.00, 1121.00, 0.00, 'PAID', 'OPD', true, false, NOW(), 'system', 0),
(23, 'INV2026020023', 3, 27, 'Rahul Bhatia', '9898765053', 23, CURDATE(), DATE_ADD(CURDATE(), INTERVAL 7 DAY), 650.00, 0.00, 117.00, 767.00, 767.00, 0.00, 'PAID', 'OPD', true, false, NOW(), 'system', 0),
(24, 'INV2026020024', 3, 28, 'Sneha Kulkarni', '9898765055', 24, CURDATE(), DATE_ADD(CURDATE(), INTERVAL 7 DAY), 800.00, 0.00, 144.00, 944.00, 0.00, 944.00, 'PENDING', 'OPD', true, false, NOW(), 'system', 0),
(25, 'INV2026020025', 4, 31, 'Suresh Bansal', '9898765061', 25, CURDATE(), DATE_ADD(CURDATE(), INTERVAL 7 DAY), 600.00, 0.00, 108.00, 708.00, 708.00, 0.00, 'PAID', 'OPD', true, false, NOW(), 'system', 0),
(26, 'INV2026020026', 4, 32, 'Komal Arora', '9898765063', 26, CURDATE(), DATE_ADD(CURDATE(), INTERVAL 7 DAY), 1300.00, 100.00, 216.00, 1416.00, 1416.00, 0.00, 'PAID', 'OPD', true, false, NOW(), 'system', 0),
(27, 'INV2026020027', 4, 33, 'Rajesh Garg', '9898765065', 27, CURDATE(), DATE_ADD(CURDATE(), INTERVAL 7 DAY), 850.00, 0.00, 153.00, 1003.00, 1003.00, 0.00, 'PAID', 'OPD', true, false, NOW(), 'system', 0),
(28, 'INV2026020028', 4, 34, 'Sweta Srivastava', '9898765067', 28, CURDATE(), DATE_ADD(CURDATE(), INTERVAL 7 DAY), 1000.00, 0.00, 180.00, 1180.00, 0.00, 1180.00, 'PENDING', 'OPD', true, false, NOW(), 'system', 0),
(29, 'INV2026020029', 4, 35, 'Pawan Mittal', '9898765069', 29, CURDATE(), DATE_ADD(CURDATE(), INTERVAL 7 DAY), 950.00, 0.00, 171.00, 1121.00, 1121.00, 0.00, 'PAID', 'OPD', true, false, NOW(), 'system', 0),
(30, 'INV2026020030', 4, 36, 'Nisha Goyal', '9898765071', 30, CURDATE(), DATE_ADD(CURDATE(), INTERVAL 7 DAY), 1100.00, 0.00, 198.00, 1298.00, 1298.00, 0.00, 'PAID', 'OPD', true, false, NOW(), 'system', 0),
(31, 'INV2026020031', 4, 37, 'Vikas Singhal', '9898765073', 31, CURDATE(), DATE_ADD(CURDATE(), INTERVAL 7 DAY), 800.00, 0.00, 144.00, 944.00, 944.00, 0.00, 'PAID', 'OPD', true, false, NOW(), 'system', 0),
(32, 'INV2026020032', 4, 38, 'Rashi Bhatnagar', '9898765075', 32, CURDATE(), DATE_ADD(CURDATE(), INTERVAL 7 DAY), 750.00, 0.00, 135.00, 885.00, 0.00, 885.00, 'PENDING', 'OPD', true, false, NOW(), 'system', 0),
(33, 'INV2026020033', 5, 41, 'Harsh Agrawal', '9898765081', 33, CURDATE(), DATE_ADD(CURDATE(), INTERVAL 7 DAY), 2500.00, 0.00, 450.00, 2950.00, 2950.00, 0.00, 'PAID', 'OPD', true, false, NOW(), 'system', 0),
(34, 'INV2026020034', 5, 42, 'Megha Rastogi', '9898765083', 34, CURDATE(), DATE_ADD(CURDATE(), INTERVAL 7 DAY), 1800.00, 100.00, 306.00, 2006.00, 2006.00, 0.00, 'PAID', 'OPD', true, false, NOW(), 'system', 0),
(35, 'INV2026020035', 5, 43, 'Anuj Sagar', '9898765085', 35, CURDATE(), DATE_ADD(CURDATE(), INTERVAL 7 DAY), 1400.00, 0.00, 252.00, 1652.00, 1652.00, 0.00, 'PAID', 'OPD', true, false, NOW(), 'system', 0),
(36, 'INV2026020036', 5, 44, 'Pallavi Dubey', '9898765087', 36, CURDATE(), DATE_ADD(CURDATE(), INTERVAL 7 DAY), 1200.00, 0.00, 216.00, 1416.00, 0.00, 1416.00, 'PENDING', 'OPD', true, false, NOW(), 'system', 0),
(37, 'INV2026020037', 5, 45, 'Kunal Bhardwaj', '9898765089', 37, CURDATE(), DATE_ADD(CURDATE(), INTERVAL 7 DAY), 1350.00, 50.00, 234.00, 1534.00, 1534.00, 0.00, 'PAID', 'OPD', true, false, NOW(), 'system', 0),
(38, 'INV2026020038', 5, 46, 'Sonia Bakshi', '9898765091', 38, CURDATE(), DATE_ADD(CURDATE(), INTERVAL 7 DAY), 1100.00, 0.00, 198.00, 1298.00, 1298.00, 0.00, 'PAID', 'OPD', true, false, NOW(), 'system', 0),
(39, 'INV2026020039', 5, 47, 'Tarun Chadha', '9898765093', 39, CURDATE(), DATE_ADD(CURDATE(), INTERVAL 7 DAY), 1300.00, 0.00, 234.00, 1534.00, 1534.00, 0.00, 'PAID', 'OPD', true, false, NOW(), 'system', 0),
(40, 'INV2026020040', 5, 48, 'Isha Malhotra', '9898765095', 40, CURDATE(), DATE_ADD(CURDATE(), INTERVAL 7 DAY), 800.00, 0.00, 144.00, 944.00, 0.00, 944.00, 'PENDING', 'OPD', true, false, NOW(), 'system', 0),
-- Past invoices
(41, 'INV2026010001', 1, 1, 'Ramesh Sharma', '9898765001', 51, DATE_SUB(CURDATE(), INTERVAL 7 DAY), CURDATE(), 850.00, 0.00, 153.00, 1003.00, 1003.00, 0.00, 'PAID', 'OPD', true, false, NOW(), 'system', 0),
(42, 'INV2026010002', 1, 2, 'Sunita Devi', '9898765003', 52, DATE_SUB(CURDATE(), INTERVAL 7 DAY), CURDATE(), 1150.00, 50.00, 198.00, 1298.00, 1298.00, 0.00, 'PAID', 'OPD', true, false, NOW(), 'system', 0),
(43, 'INV2026010003', 2, 11, 'Karan Malhotra', '9898765021', 53, DATE_SUB(CURDATE(), INTERVAL 5 DAY), DATE_ADD(CURDATE(), INTERVAL 2 DAY), 1550.00, 100.00, 261.00, 1711.00, 1711.00, 0.00, 'PAID', 'OPD', true, false, NOW(), 'system', 0),
(44, 'INV2026010004', 2, 12, 'Simran Kapoor', '9898765023', 54, DATE_SUB(CURDATE(), INTERVAL 5 DAY), DATE_ADD(CURDATE(), INTERVAL 2 DAY), 1850.00, 0.00, 333.00, 2183.00, 2183.00, 0.00, 'PAID', 'OPD', true, false, NOW(), 'system', 0),
(45, 'INV2026010005', 3, 21, 'Gaurav Tiwari', '9898765041', 55, DATE_SUB(CURDATE(), INTERVAL 3 DAY), DATE_ADD(CURDATE(), INTERVAL 4 DAY), 1250.00, 50.00, 216.00, 1416.00, 1416.00, 0.00, 'PAID', 'OPD', true, false, NOW(), 'system', 0),
(46, 'INV2026010006', 3, 22, 'Neetu Pandey', '9898765043', 56, DATE_SUB(CURDATE(), INTERVAL 3 DAY), DATE_ADD(CURDATE(), INTERVAL 4 DAY), 1100.00, 0.00, 198.00, 1298.00, 1298.00, 0.00, 'PAID', 'OPD', true, false, NOW(), 'system', 0),
(47, 'INV2026010007', 4, 31, 'Suresh Bansal', '9898765061', 57, DATE_SUB(CURDATE(), INTERVAL 2 DAY), DATE_ADD(CURDATE(), INTERVAL 5 DAY), 950.00, 0.00, 171.00, 1121.00, 1121.00, 0.00, 'PAID', 'OPD', true, false, NOW(), 'system', 0),
(48, 'INV2026010008', 4, 32, 'Komal Arora', '9898765063', 58, DATE_SUB(CURDATE(), INTERVAL 2 DAY), DATE_ADD(CURDATE(), INTERVAL 5 DAY), 1300.00, 0.00, 234.00, 1534.00, 1534.00, 0.00, 'PAID', 'OPD', true, false, NOW(), 'system', 0),
(49, 'INV2026010009', 5, 41, 'Harsh Agrawal', '9898765081', 59, DATE_SUB(CURDATE(), INTERVAL 1 DAY), DATE_ADD(CURDATE(), INTERVAL 6 DAY), 2850.00, 100.00, 495.00, 3245.00, 3245.00, 0.00, 'PAID', 'OPD', true, false, NOW(), 'system', 0),
(50, 'INV2026010010', 5, 42, 'Megha Rastogi', '9898765083', 60, DATE_SUB(CURDATE(), INTERVAL 1 DAY), DATE_ADD(CURDATE(), INTERVAL 6 DAY), 1750.00, 0.00, 315.00, 2065.00, 2065.00, 0.00, 'PAID', 'OPD', true, false, NOW(), 'system', 0),
(51, 'INV2026010011', 1, 51, 'Shivam Rawat', '9898765101', NULL, DATE_SUB(CURDATE(), INTERVAL 10 DAY), DATE_SUB(CURDATE(), INTERVAL 3 DAY), 650.00, 0.00, 117.00, 767.00, 767.00, 0.00, 'PAID', 'OPD', true, false, NOW(), 'system', 0),
(52, 'INV2026010012', 1, 52, 'Sakshi Bhatt', '9898765103', NULL, DATE_SUB(CURDATE(), INTERVAL 8 DAY), DATE_SUB(CURDATE(), INTERVAL 1 DAY), 900.00, 0.00, 162.00, 1062.00, 1062.00, 0.00, 'PAID', 'OPD', true, false, NOW(), 'system', 0),
(53, 'INV2026010013', 2, 53, 'Mohit Taneja', '9898765105', NULL, DATE_SUB(CURDATE(), INTERVAL 6 DAY), DATE_ADD(CURDATE(), INTERVAL 1 DAY), 1400.00, 0.00, 252.00, 1652.00, 1652.00, 0.00, 'PAID', 'OPD', true, false, NOW(), 'system', 0),
(54, 'INV2026010014', 3, 55, 'Akash Vohra', '9898765109', NULL, DATE_SUB(CURDATE(), INTERVAL 4 DAY), DATE_ADD(CURDATE(), INTERVAL 3 DAY), 1150.00, 50.00, 198.00, 1298.00, 1298.00, 0.00, 'PAID', 'OPD', true, false, NOW(), 'system', 0),
(55, 'INV2026010015', 5, 59, 'Rohan Luthra', '9898765117', NULL, DATE_SUB(CURDATE(), INTERVAL 2 DAY), DATE_ADD(CURDATE(), INTERVAL 5 DAY), 1650.00, 0.00, 297.00, 1947.00, 1947.00, 0.00, 'PAID', 'OPD', true, false, NOW(), 'system', 0);

-- ============================================================
-- PAYMENTS (55 payments)
-- ============================================================
INSERT INTO payments (id, payment_number, hospital_id, invoice_id, patient_id, patient_name, patient_mobile, payment_mode, amount, status, payment_date, payment_purpose, payment_gateway, is_refund, is_verified, is_active, is_deleted, created_at, created_by, version) VALUES
(1, 'PAY2026020001', 1, 1, 1, 'Ramesh Sharma', '9898765001', 'UPI', 590.00, 'SUCCESS', NOW(), 'AGAINST_INVOICE', NULL, false, true, true, false, NOW(), 'system', 0),
(2, 'PAY2026020002', 1, 2, 2, 'Sunita Devi', '9898765003', 'DEBIT_CARD', 944.00, 'SUCCESS', NOW(), 'AGAINST_INVOICE', 'RAZORPAY', false, true, true, false, NOW(), 'system', 0),
(3, 'PAY2026020003', 1, 3, 3, 'Ajay Kumar', '9898765005', 'CASH', 1062.00, 'SUCCESS', NOW(), 'AGAINST_INVOICE', NULL, false, true, true, false, NOW(), 'system', 0),
(4, 'PAY2026020004', 1, 5, 5, 'Sanjay Verma', '9898765009', 'UPI', 944.00, 'SUCCESS', NOW(), 'AGAINST_INVOICE', NULL, false, true, true, false, NOW(), 'system', 0),
(5, 'PAY2026020005', 1, 6, 6, 'Rekha Singh', '9898765011', 'CREDIT_CARD', 649.00, 'SUCCESS', NOW(), 'AGAINST_INVOICE', 'RAZORPAY', false, true, true, false, NOW(), 'system', 0),
(6, 'PAY2026020006', 1, 7, 7, 'Vikrant Patel', '9898765013', 'NET_BANKING', 826.00, 'SUCCESS', NOW(), 'AGAINST_INVOICE', 'RAZORPAY', false, true, true, false, NOW(), 'system', 0),
(7, 'PAY2026020007', 2, 9, 11, 'Karan Malhotra', '9898765021', 'UPI', 1416.00, 'SUCCESS', NOW(), 'AGAINST_INVOICE', NULL, false, true, true, false, NOW(), 'system', 0),
(8, 'PAY2026020008', 2, 10, 12, 'Simran Kapoor', '9898765023', 'DEBIT_CARD', 1652.00, 'SUCCESS', NOW(), 'AGAINST_INVOICE', 'RAZORPAY', false, true, true, false, NOW(), 'system', 0),
(9, 'PAY2026020009', 2, 11, 13, 'Aditya Mehta', '9898765025', 'CASH', 1652.00, 'SUCCESS', NOW(), 'AGAINST_INVOICE', NULL, false, true, true, false, NOW(), 'system', 0),
(10, 'PAY2026020010', 2, 13, 15, 'Nikhil Reddy', '9898765029', 'UPI', 1416.00, 'SUCCESS', NOW(), 'AGAINST_INVOICE', NULL, false, true, true, false, NOW(), 'system', 0),
(11, 'PAY2026020011', 2, 14, 16, 'Pooja Iyer', '9898765031', 'CREDIT_CARD', 1003.00, 'SUCCESS', NOW(), 'AGAINST_INVOICE', 'RAZORPAY', false, true, true, false, NOW(), 'system', 0),
(12, 'PAY2026020012', 2, 15, 17, 'Arjun Nair', '9898765033', 'CASH', 885.00, 'SUCCESS', NOW(), 'AGAINST_INVOICE', NULL, false, true, true, false, NOW(), 'system', 0),
(13, 'PAY2026020013', 3, 17, 21, 'Gaurav Tiwari', '9898765041', 'UPI', 1062.00, 'SUCCESS', NOW(), 'AGAINST_INVOICE', NULL, false, true, true, false, NOW(), 'system', 0),
(14, 'PAY2026020014', 3, 18, 22, 'Neetu Pandey', '9898765043', 'DEBIT_CARD', 885.00, 'SUCCESS', NOW(), 'AGAINST_INVOICE', 'RAZORPAY', false, true, true, false, NOW(), 'system', 0),
(15, 'PAY2026020015', 3, 19, 23, 'Manish Chaudhary', '9898765045', 'NET_BANKING', 1180.00, 'SUCCESS', NOW(), 'AGAINST_INVOICE', 'RAZORPAY', false, true, true, false, NOW(), 'system', 0),
(16, 'PAY2026020016', 3, 21, 25, 'Deepak Yadav', '9898765049', 'UPI', 1298.00, 'SUCCESS', NOW(), 'AGAINST_INVOICE', NULL, false, true, true, false, NOW(), 'system', 0),
(17, 'PAY2026020017', 3, 22, 26, 'Kavya Deshmukh', '9898765051', 'CASH', 1121.00, 'SUCCESS', NOW(), 'AGAINST_INVOICE', NULL, false, true, true, false, NOW(), 'system', 0),
(18, 'PAY2026020018', 3, 23, 27, 'Rahul Bhatia', '9898765053', 'UPI', 767.00, 'SUCCESS', NOW(), 'AGAINST_INVOICE', NULL, false, true, true, false, NOW(), 'system', 0),
(19, 'PAY2026020019', 4, 25, 31, 'Suresh Bansal', '9898765061', 'DEBIT_CARD', 708.00, 'SUCCESS', NOW(), 'AGAINST_INVOICE', 'RAZORPAY', false, true, true, false, NOW(), 'system', 0),
(20, 'PAY2026020020', 4, 26, 32, 'Komal Arora', '9898765063', 'CREDIT_CARD', 1416.00, 'SUCCESS', NOW(), 'AGAINST_INVOICE', 'RAZORPAY', false, true, true, false, NOW(), 'system', 0),
(21, 'PAY2026020021', 4, 27, 33, 'Rajesh Garg', '9898765065', 'CASH', 1003.00, 'SUCCESS', NOW(), 'AGAINST_INVOICE', NULL, false, true, true, false, NOW(), 'system', 0),
(22, 'PAY2026020022', 4, 29, 35, 'Pawan Mittal', '9898765069', 'UPI', 1121.00, 'SUCCESS', NOW(), 'AGAINST_INVOICE', NULL, false, true, true, false, NOW(), 'system', 0),
(23, 'PAY2026020023', 4, 30, 36, 'Nisha Goyal', '9898765071', 'NET_BANKING', 1298.00, 'SUCCESS', NOW(), 'AGAINST_INVOICE', 'RAZORPAY', false, true, true, false, NOW(), 'system', 0),
(24, 'PAY2026020024', 4, 31, 37, 'Vikas Singhal', '9898765073', 'UPI', 944.00, 'SUCCESS', NOW(), 'AGAINST_INVOICE', NULL, false, true, true, false, NOW(), 'system', 0),
(25, 'PAY2026020025', 5, 33, 41, 'Harsh Agrawal', '9898765081', 'CREDIT_CARD', 2950.00, 'SUCCESS', NOW(), 'AGAINST_INVOICE', 'RAZORPAY', false, true, true, false, NOW(), 'system', 0),
(26, 'PAY2026020026', 5, 34, 42, 'Megha Rastogi', '9898765083', 'DEBIT_CARD', 2006.00, 'SUCCESS', NOW(), 'AGAINST_INVOICE', 'RAZORPAY', false, true, true, false, NOW(), 'system', 0),
(27, 'PAY2026020027', 5, 35, 43, 'Anuj Sagar', '9898765085', 'UPI', 1652.00, 'SUCCESS', NOW(), 'AGAINST_INVOICE', NULL, false, true, true, false, NOW(), 'system', 0),
(28, 'PAY2026020028', 5, 37, 45, 'Kunal Bhardwaj', '9898765089', 'CASH', 1534.00, 'SUCCESS', NOW(), 'AGAINST_INVOICE', NULL, false, true, true, false, NOW(), 'system', 0),
(29, 'PAY2026020029', 5, 38, 46, 'Sonia Bakshi', '9898765091', 'UPI', 1298.00, 'SUCCESS', NOW(), 'AGAINST_INVOICE', NULL, false, true, true, false, NOW(), 'system', 0),
(30, 'PAY2026020030', 5, 39, 47, 'Tarun Chadha', '9898765093', 'NET_BANKING', 1534.00, 'SUCCESS', NOW(), 'AGAINST_INVOICE', 'RAZORPAY', false, true, true, false, NOW(), 'system', 0),
-- Past payments
(31, 'PAY2026010001', 1, 41, 1, 'Ramesh Sharma', '9898765001', 'UPI', 1003.00, 'SUCCESS', DATE_SUB(NOW(), INTERVAL 7 DAY), 'AGAINST_INVOICE', NULL, false, true, true, false, NOW(), 'system', 0),
(32, 'PAY2026010002', 1, 42, 2, 'Sunita Devi', '9898765003', 'DEBIT_CARD', 1298.00, 'SUCCESS', DATE_SUB(NOW(), INTERVAL 7 DAY), 'AGAINST_INVOICE', 'RAZORPAY', false, true, true, false, NOW(), 'system', 0),
(33, 'PAY2026010003', 2, 43, 11, 'Karan Malhotra', '9898765021', 'CREDIT_CARD', 1711.00, 'SUCCESS', DATE_SUB(NOW(), INTERVAL 5 DAY), 'AGAINST_INVOICE', 'RAZORPAY', false, true, true, false, NOW(), 'system', 0),
(34, 'PAY2026010004', 2, 44, 12, 'Simran Kapoor', '9898765023', 'UPI', 2183.00, 'SUCCESS', DATE_SUB(NOW(), INTERVAL 5 DAY), 'AGAINST_INVOICE', NULL, false, true, true, false, NOW(), 'system', 0),
(35, 'PAY2026010005', 3, 45, 21, 'Gaurav Tiwari', '9898765041', 'CASH', 1416.00, 'SUCCESS', DATE_SUB(NOW(), INTERVAL 3 DAY), 'AGAINST_INVOICE', NULL, false, true, true, false, NOW(), 'system', 0),
(36, 'PAY2026010006', 3, 46, 22, 'Neetu Pandey', '9898765043', 'UPI', 1298.00, 'SUCCESS', DATE_SUB(NOW(), INTERVAL 3 DAY), 'AGAINST_INVOICE', NULL, false, true, true, false, NOW(), 'system', 0),
(37, 'PAY2026010007', 4, 47, 31, 'Suresh Bansal', '9898765061', 'NET_BANKING', 1121.00, 'SUCCESS', DATE_SUB(NOW(), INTERVAL 2 DAY), 'AGAINST_INVOICE', 'RAZORPAY', false, true, true, false, NOW(), 'system', 0),
(38, 'PAY2026010008', 4, 48, 32, 'Komal Arora', '9898765063', 'DEBIT_CARD', 1534.00, 'SUCCESS', DATE_SUB(NOW(), INTERVAL 2 DAY), 'AGAINST_INVOICE', 'RAZORPAY', false, true, true, false, NOW(), 'system', 0),
(39, 'PAY2026010009', 5, 49, 41, 'Harsh Agrawal', '9898765081', 'CREDIT_CARD', 3245.00, 'SUCCESS', DATE_SUB(NOW(), INTERVAL 1 DAY), 'AGAINST_INVOICE', 'RAZORPAY', false, true, true, false, NOW(), 'system', 0),
(40, 'PAY2026010010', 5, 50, 42, 'Megha Rastogi', '9898765083', 'UPI', 2065.00, 'SUCCESS', DATE_SUB(NOW(), INTERVAL 1 DAY), 'AGAINST_INVOICE', NULL, false, true, true, false, NOW(), 'system', 0),
(41, 'PAY2026010011', 1, 51, 51, 'Shivam Rawat', '9898765101', 'CASH', 767.00, 'SUCCESS', DATE_SUB(NOW(), INTERVAL 10 DAY), 'AGAINST_INVOICE', NULL, false, true, true, false, NOW(), 'system', 0),
(42, 'PAY2026010012', 1, 52, 52, 'Sakshi Bhatt', '9898765103', 'UPI', 1062.00, 'SUCCESS', DATE_SUB(NOW(), INTERVAL 8 DAY), 'AGAINST_INVOICE', NULL, false, true, true, false, NOW(), 'system', 0),
(43, 'PAY2026010013', 2, 53, 53, 'Mohit Taneja', '9898765105', 'DEBIT_CARD', 1652.00, 'SUCCESS', DATE_SUB(NOW(), INTERVAL 6 DAY), 'AGAINST_INVOICE', 'RAZORPAY', false, true, true, false, NOW(), 'system', 0),
(44, 'PAY2026010014', 3, 54, 55, 'Akash Vohra', '9898765109', 'NET_BANKING', 1298.00, 'SUCCESS', DATE_SUB(NOW(), INTERVAL 4 DAY), 'AGAINST_INVOICE', 'RAZORPAY', false, true, true, false, NOW(), 'system', 0),
(45, 'PAY2026010015', 5, 55, 59, 'Rohan Luthra', '9898765117', 'CREDIT_CARD', 1947.00, 'SUCCESS', DATE_SUB(NOW(), INTERVAL 2 DAY), 'AGAINST_INVOICE', 'RAZORPAY', false, true, true, false, NOW(), 'system', 0),
-- Advance payments
(46, 'PAY2026020031', 1, NULL, 9, 'Rohit Agarwal', '9898765017', 'UPI', 500.00, 'SUCCESS', NOW(), 'ADVANCE', NULL, false, true, true, false, NOW(), 'system', 0),
(47, 'PAY2026020032', 2, NULL, 19, 'Varun Khanna', '9898765037', 'DEBIT_CARD', 1200.00, 'SUCCESS', NOW(), 'ADVANCE', 'RAZORPAY', false, true, true, false, NOW(), 'system', 0),
(48, 'PAY2026020033', 3, NULL, 29, 'Amit Jain', '9898765057', 'CASH', 900.00, 'SUCCESS', NOW(), 'ADVANCE', NULL, false, true, true, false, NOW(), 'system', 0),
(49, 'PAY2026020034', 4, NULL, 39, 'Ashok Chopra', '9898765077', 'UPI', 600.00, 'SUCCESS', NOW(), 'ADVANCE', NULL, false, true, true, false, NOW(), 'system', 0),
(50, 'PAY2026020035', 5, NULL, 49, 'Nitin Wadhwa', '9898765097', 'CREDIT_CARD', 2500.00, 'SUCCESS', NOW(), 'ADVANCE', 'RAZORPAY', false, true, true, false, NOW(), 'system', 0),
(51, 'PAY2026020036', 1, NULL, 10, 'Priyanka Joshi', '9898765019', 'NET_BANKING', 800.00, 'SUCCESS', NOW(), 'ADVANCE', 'RAZORPAY', false, true, true, false, NOW(), 'system', 0),
(52, 'PAY2026020037', 2, NULL, 20, 'Anushka Mishra', '9898765039', 'UPI', 1500.00, 'SUCCESS', NOW(), 'ADVANCE', NULL, false, true, true, false, NOW(), 'system', 0),
(53, 'PAY2026020038', 3, NULL, 30, 'Prerna Singh', '9898765059', 'CASH', 750.00, 'SUCCESS', NOW(), 'ADVANCE', NULL, false, true, true, false, NOW(), 'system', 0),
(54, 'PAY2026020039', 4, NULL, 40, 'Tanvi Khurana', '9898765079', 'DEBIT_CARD', 950.00, 'SUCCESS', NOW(), 'ADVANCE', 'RAZORPAY', false, true, true, false, NOW(), 'system', 0),
(55, 'PAY2026020040', 5, NULL, 50, 'Aditi Thakur', '9898765099', 'UPI', 1500.00, 'SUCCESS', NOW(), 'ADVANCE', NULL, false, true, true, false, NOW(), 'system', 0);
